ShapeId,ShapeName,Tier,Color,Count,Potency,SkillCount,TraitIds,TraitNames
1,r-1-1,1,1,10,999,2,35;7,"余波回复 III;终幕攻击 III"
1,r-1-1,1,1,3,999,1,18,"内在削弱"
1,r-1-1,1,1,3,999,1,19,"范围内在削弱"
1,r-1-1,1,1,8,999,2,18;21,"内在削弱;范围内在眩惑"
1,r-1-1,1,1,10,998,2,35;36,"余波回复 III;内在增强 III"
1,r-1-1,1,1,5,998,1,32,"回响回复 III"
1,r-1-1,1,1,5,978,1,20,"内在眩惑"
1,r-1-1,1,1,8,971,1,16,"内在压迫"
1,r-1-1,1,1,8,958,2,20;18,"内在眩惑;内在削弱"
1,r-1-1,1,1,10,947,2,42;51,"精神强化 III;范围集中强化 III"
1,r-1-1,1,1,7,926,1,7,"终幕攻击 III"
1,r-1-1,1,1,7,923,2,51;15,"范围集中强化 III;余波攻击 III"
1,r-1-1,1,1,6,920,1,4,"开幕攻击 III"
1,r-1-1,1,1,8,910,2,11;16,"周期攻击 III;内在压迫"
1,r-1-1,1,1,8,909,2,16;21,"内在压迫;范围内在眩惑"
1,r-1-1,1,1,1,901,1,19,"范围内在削弱"
1,r-1-1,1,1,1,897,1,12,"回响攻击 III"
1,r-1-1,1,1,9,872,1,19,"范围内在削弱"
1,r-1-1,1,1,7,870,1,20,"内在眩惑"
1,r-1-1,1,1,4,862,1,4,"开幕攻击 III"
1,r-1-1,1,1,8,860,1,30,"突入回复 III"
1,r-1-1,1,1,2,857,1,51,"范围集中强化 III"
1,r-1-1,1,1,9,848,1,36,"内在增强 III"
1,r-1-1,1,1,2,848,2,12;19,"回响攻击 III;范围内在削弱"
1,r-1-1,1,1,10,818,1,10,"突入攻击 III"
1,r-1-1,1,1,2,798,1,38,"外围增强 III"
1,r-1-1,1,1,10,777,0,,""
1,r-1-1,1,1,4,739,2,15;42,"余波攻击 III;精神强化 III"
1,r-1-1,1,1,6,726,1,35,"余波回复 III"
1,r-1-1,1,1,2,716,2,21;38,"范围内在眩惑;外围增强 III"
1,r-1-1,1,1,10,709,0,,""
1,r-1-1,1,1,8,703,1,31,"周期回复 III"
1,r-1-1,1,1,8,657,0,,""
1,r-1-1,1,1,8,636,2,37;11,"外部增强 III;周期攻击 III"
1,r-1-1,1,1,8,615,0,,""
1,r-1-1,1,1,8,602,2,51;45,"范围集中强化 III;范围精神强化 III"
1,r-1-1,1,1,1,525,0,,""
1,r-1-1,1,1,8,496,1,7,"终幕攻击 III"
1,r-1-1,1,1,6,495,2,21;31,"范围内在眩惑;周期回复 III"
1,r-1-1,1,1,7,416,0,,""
2,r-1-2,1,1,3,999,0,,""
2,r-1-2,1,1,7,999,1,38,"外围增强 III"
2,r-1-2,1,1,3,998,3,20;31;16,"内在眩惑;周期回复 III;内在压迫"
2,r-1-2,1,1,5,996,2,32;16,"回响回复 III;内在压迫"
2,r-1-2,1,1,8,986,1,35,"余波回复 III"
2,r-1-2,1,1,10,977,1,63,"极限攻击 III"
2,r-1-2,1,1,2,977,1,37,"外部增强 III"
2,r-1-2,1,1,1,961,0,,""
2,r-1-2,1,1,7,960,1,24,"开幕回复 III"
2,r-1-2,1,1,6,948,2,35;10,"余波回复 III;突入攻击 III"
2,r-1-2,1,1,3,945,2,39;15,"范围内在增强 III;余波攻击 III"
2,r-1-2,1,1,10,942,0,,""
2,r-1-2,1,1,7,902,2,4;39,"开幕攻击 III;范围内在增强 III"
2,r-1-2,1,1,9,887,0,,""
2,r-1-2,1,1,5,880,1,35,"余波回复 III"
2,r-1-2,1,1,4,874,1,38,"外围增强 III"
2,r-1-2,1,1,8,867,2,18;37,"内在削弱;外部增强 III"
2,r-1-2,1,1,5,865,1,16,"内在压迫"
2,r-1-2,1,1,3,861,2,19;32,"范围内在削弱;回响回复 III"
2,r-1-2,1,1,10,843,3,38;21;63,"外围增强 III;范围内在眩惑;极限攻击 III"
2,r-1-2,1,1,3,842,0,,""
2,r-1-2,1,1,6,842,1,21,"范围内在眩惑"
2,r-1-2,1,1,5,775,2,48;27,"集中强化 III;终幕回复 III"
2,r-1-2,1,1,6,767,1,18,"内在削弱"
2,r-1-2,1,1,14,765,0,,""
2,r-1-2,1,1,6,752,0,,""
2,r-1-2,1,1,1,746,0,,""
2,r-1-2,1,1,11,657,0,,""
2,r-1-2,1,1,8,628,2,19;37,"范围内在削弱;外部增强 III"
2,r-1-2,1,1,10,623,1,7,"终幕攻击 III"
2,r-1-2,1,1,7,581,1,31,"周期回复 III"
2,r-1-2,1,1,1,570,2,19;20,"范围内在削弱;内在眩惑"
2,r-1-2,1,1,7,562,1,20,"内在眩惑"
2,r-1-2,1,1,6,517,2,15;27,"余波攻击 III;终幕回复 III"
2,r-1-2,1,1,7,486,1,12,"回响攻击 III"
2,r-1-2,1,1,7,484,1,27,"终幕回复 III"
2,r-1-2,1,1,2,364,1,11,"周期攻击 III"
3,r-1-3,1,1,2,999,1,35,"余波回复 III"
3,r-1-3,1,1,4,999,1,63,"极限攻击 III"
3,r-1-3,1,1,10,999,2,31;16,"周期回复 III;内在压迫"
3,r-1-3,1,1,2,987,1,27,"终幕回复 III"
3,r-1-3,1,1,1,980,2,36;35,"内在增强 III;余波回复 III"
3,r-1-3,1,1,1,979,1,38,"外围增强 III"
3,r-1-3,1,1,9,975,0,,""
3,r-1-3,1,1,9,972,1,36,"内在增强 III"
3,r-1-3,1,1,5,969,0,,""
3,r-1-3,1,1,1,958,1,27,"终幕回复 III"
3,r-1-3,1,1,4,955,0,,""
3,r-1-3,1,1,6,947,1,16,"内在压迫"
3,r-1-3,1,1,10,943,1,7,"终幕攻击 III"
3,r-1-3,1,1,4,936,1,39,"范围内在增强 III"
3,r-1-3,1,1,1,910,1,31,"周期回复 III"
3,r-1-3,1,1,7,906,2,51;35,"范围集中强化 III;余波回复 III"
3,r-1-3,1,1,3,897,0,,""
3,r-1-3,1,1,8,893,0,,""
3,r-1-3,1,1,5,882,0,,""
3,r-1-3,1,1,3,874,1,32,"回响回复 III"
3,r-1-3,1,1,4,872,1,20,"内在眩惑"
3,r-1-3,1,1,1,871,0,,""
3,r-1-3,1,1,7,806,3,11;12;38,"周期攻击 III;回响攻击 III;外围增强 III"
3,r-1-3,1,1,1,793,1,31,"周期回复 III"
3,r-1-3,1,1,1,785,0,,""
3,r-1-3,1,1,6,784,1,45,"范围精神强化 III"
3,r-1-3,1,1,9,748,3,16;32;63,"内在压迫;回响回复 III;极限攻击 III"
3,r-1-3,1,1,8,742,0,,""
3,r-1-3,1,1,2,723,2,11;21,"周期攻击 III;范围内在眩惑"
3,r-1-3,1,1,5,697,2,38;31,"外围增强 III;周期回复 III"
3,r-1-3,1,1,3,677,2,18;32,"内在削弱;回响回复 III"
3,r-1-3,1,1,8,653,1,31,"周期回复 III"
3,r-1-3,1,1,5,647,2,15;36,"余波攻击 III;内在增强 III"
3,r-1-3,1,1,1,634,3,32;37;11,"回响回复 III;外部增强 III;周期攻击 III"
3,r-1-3,1,1,8,594,2,48;4,"集中强化 III;开幕攻击 III"
3,r-1-3,1,1,2,578,1,48,"集中强化 III"
3,r-1-3,1,1,6,551,0,,""
3,r-1-3,1,1,4,546,1,12,"回响攻击 III"
3,r-1-3,1,1,5,514,1,16,"内在压迫"
3,r-1-3,1,1,10,447,1,21,"范围内在眩惑"
4,y-1-1,1,2,1,999,1,39,"范围内在增强 III"
4,y-1-1,1,2,10,999,2,12;38,"回响攻击 III;外围增强 III"
4,y-1-1,1,2,9,999,0,,""
4,y-1-1,1,2,4,989,0,,""
4,y-1-1,1,2,7,988,1,48,"集中强化 III"
4,y-1-1,1,2,7,974,2,36;48,"内在增强 III;集中强化 III"
4,y-1-1,1,2,10,970,2,18;16,"内在削弱;内在压迫"
4,y-1-1,1,2,7,967,0,,""
4,y-1-1,1,2,4,952,0,,""
4,y-1-1,1,2,3,938,0,,""
4,y-1-1,1,2,10,933,0,,""
4,y-1-1,1,2,5,916,1,36,"内在增强 III"
4,y-1-1,1,2,9,864,0,,""
4,y-1-1,1,2,8,855,0,,""
4,y-1-1,1,2,7,852,2,11;37,"周期攻击 III;外部增强 III"
4,y-1-1,1,2,8,839,2,38;37,"外围增强 III;外部增强 III"
4,y-1-1,1,2,2,808,2,12;21,"回响攻击 III;范围内在眩惑"
4,y-1-1,1,2,5,804,1,51,"范围集中强化 III"
4,y-1-1,1,2,7,777,0,,""
4,y-1-1,1,2,8,776,3,12;20;31,"回响攻击 III;内在眩惑;周期回复 III"
4,y-1-1,1,2,3,759,1,16,"内在压迫"
4,y-1-1,1,2,6,758,0,,""
4,y-1-1,1,2,1,749,1,18,"内在削弱"
4,y-1-1,1,2,2,716,1,16,"内在压迫"
4,y-1-1,1,2,7,711,0,,""
4,y-1-1,1,2,2,700,1,12,"回响攻击 III"
4,y-1-1,1,2,4,682,1,21,"范围内在眩惑"
4,y-1-1,1,2,7,679,1,32,"回响回复 III"
4,y-1-1,1,2,8,666,1,31,"周期回复 III"
4,y-1-1,1,2,8,647,1,31,"周期回复 III"
4,y-1-1,1,2,7,640,1,35,"余波回复 III"
4,y-1-1,1,2,1,604,0,,""
4,y-1-1,1,2,7,522,0,,""
4,y-1-1,1,2,8,426,1,39,"范围内在增强 III"
5,y-1-2,1,2,6,999,2,24;48,"开幕回复 III;集中强化 III"
5,y-1-2,1,2,7,999,3,21;31;11,"范围内在眩惑;周期回复 III;周期攻击 III"
5,y-1-2,1,2,8,997,1,12,"回响攻击 III"
5,y-1-2,1,2,4,989,0,,""
5,y-1-2,1,2,5,984,3,12;37;19,"回响攻击 III;外部增强 III;范围内在削弱"
5,y-1-2,1,2,10,977,1,21,"范围内在眩惑"
5,y-1-2,1,2,9,972,0,,""
5,y-1-2,1,2,6,946,1,4,"开幕攻击 III"
5,y-1-2,1,2,7,939,2,21;11,"范围内在眩惑;周期攻击 III"
5,y-1-2,1,2,8,923,0,,""
5,y-1-2,1,2,7,916,1,21,"范围内在眩惑"
5,y-1-2,1,2,2,915,1,30,"突入回复 III"
5,y-1-2,1,2,3,913,3,16;21;19,"内在压迫;范围内在眩惑;范围内在削弱"
5,y-1-2,1,2,7,902,3,16;63;18,"内在压迫;极限攻击 III;内在削弱"
5,y-1-2,1,2,3,897,2,31;32,"周期回复 III;回响回复 III"
5,y-1-2,1,2,6,882,0,,""
5,y-1-2,1,2,10,864,1,37,"外部增强 III"
5,y-1-2,1,2,1,845,2,38;12,"外围增强 III;回响攻击 III"
5,y-1-2,1,2,6,839,2,31;63,"周期回复 III;极限攻击 III"
5,y-1-2,1,2,9,831,1,63,"极限攻击 III"
5,y-1-2,1,2,1,821,1,19,"范围内在削弱"
5,y-1-2,1,2,10,795,0,,""
5,y-1-2,1,2,9,792,2,21;19,"范围内在眩惑;范围内在削弱"
5,y-1-2,1,2,2,788,2,42;4,"精神强化 III;开幕攻击 III"
5,y-1-2,1,2,1,779,2,24;4,"开幕回复 III;开幕攻击 III"
5,y-1-2,1,2,1,712,0,,""
5,y-1-2,1,2,8,710,1,16,"内在压迫"
5,y-1-2,1,2,4,686,1,18,"内在削弱"
5,y-1-2,1,2,1,671,2,20;12,"内在眩惑;回响攻击 III"
5,y-1-2,1,2,6,663,2,39;36,"范围内在增强 III;内在增强 III"
5,y-1-2,1,2,10,649,1,51,"范围集中强化 III"
5,y-1-2,1,2,1,633,2,48;27,"集中强化 III;终幕回复 III"
5,y-1-2,1,2,5,628,2,48;30,"集中强化 III;突入回复 III"
5,y-1-2,1,2,4,618,1,45,"范围精神强化 III"
5,y-1-2,1,2,5,432,0,,""
6,y-1-3,1,2,2,999,1,12,"回响攻击 III"
6,y-1-3,1,2,8,999,0,,""
6,y-1-3,1,2,6,996,1,35,"余波回复 III"
6,y-1-3,1,2,10,994,0,,""
6,y-1-3,1,2,3,993,1,31,"周期回复 III"
6,y-1-3,1,2,3,976,0,,""
6,y-1-3,1,2,2,943,1,19,"范围内在削弱"
6,y-1-3,1,2,3,938,2,30;27,"突入回复 III;终幕回复 III"
6,y-1-3,1,2,7,937,1,11,"周期攻击 III"
6,y-1-3,1,2,5,931,0,,""
6,y-1-3,1,2,9,900,1,37,"外部增强 III"
6,y-1-3,1,2,6,899,0,,""
6,y-1-3,1,2,3,881,2,38;32,"外围增强 III;回响回复 III"
6,y-1-3,1,2,10,878,1,10,"突入攻击 III"
6,y-1-3,1,2,7,874,1,36,"内在增强 III"
6,y-1-3,1,2,6,871,1,42,"精神强化 III"
6,y-1-3,1,2,2,860,1,16,"内在压迫"
6,y-1-3,1,2,7,848,1,18,"内在削弱"
6,y-1-3,1,2,2,832,1,63,"极限攻击 III"
6,y-1-3,1,2,1,813,2,27;30,"终幕回复 III;突入回复 III"
6,y-1-3,1,2,4,797,1,39,"范围内在增强 III"
6,y-1-3,1,2,5,787,0,,""
6,y-1-3,1,2,8,776,3,19;12;21,"范围内在削弱;回响攻击 III;范围内在眩惑"
6,y-1-3,1,2,4,751,1,18,"内在削弱"
6,y-1-3,1,2,6,693,1,4,"开幕攻击 III"
6,y-1-3,1,2,3,690,3,31;37;20,"周期回复 III;外部增强 III;内在眩惑"
6,y-1-3,1,2,5,676,1,19,"范围内在削弱"
6,y-1-3,1,2,9,632,1,4,"开幕攻击 III"
6,y-1-3,1,2,3,626,2,38;12,"外围增强 III;回响攻击 III"
6,y-1-3,1,2,2,514,1,31,"周期回复 III"
6,y-1-3,1,2,7,482,1,39,"范围内在增强 III"
6,y-1-3,1,2,2,398,1,63,"极限攻击 III"
6,y-1-3,1,2,10,387,0,,""
6,y-1-3,1,2,8,331,2,31;12,"周期回复 III;回响攻击 III"
7,g-1-1,1,3,4,999,1,63,"极限攻击 III"
7,g-1-1,1,3,8,999,1,21,"范围内在眩惑"
7,g-1-1,1,3,8,996,2,35;39,"余波回复 III;范围内在增强 III"
7,g-1-1,1,3,1,992,1,32,"回响回复 III"
7,g-1-1,1,3,3,989,1,31,"周期回复 III"
7,g-1-1,1,3,7,985,1,35,"余波回复 III"
7,g-1-1,1,3,8,985,2,16;37,"内在压迫;外部增强 III"
7,g-1-1,1,3,4,971,1,27,"终幕回复 III"
7,g-1-1,1,3,4,961,0,,""
7,g-1-1,1,3,1,960,1,63,"极限攻击 III"
7,g-1-1,1,3,1,959,3,16;38;18,"内在压迫;外围增强 III;内在削弱"
7,g-1-1,1,3,3,954,2,51;48,"范围集中强化 III;集中强化 III"
7,g-1-1,1,3,4,947,1,31,"周期回复 III"
7,g-1-1,1,3,9,946,0,,""
7,g-1-1,1,3,4,939,1,24,"开幕回复 III"
7,g-1-1,1,3,7,938,0,,""
7,g-1-1,1,3,5,936,1,11,"周期攻击 III"
7,g-1-1,1,3,3,930,1,38,"外围增强 III"
7,g-1-1,1,3,7,908,1,7,"终幕攻击 III"
7,g-1-1,1,3,8,883,1,21,"范围内在眩惑"
7,g-1-1,1,3,6,835,0,,""
7,g-1-1,1,3,3,756,0,,""
7,g-1-1,1,3,6,754,1,36,"内在增强 III"
7,g-1-1,1,3,8,738,0,,""
7,g-1-1,1,3,6,675,2,32;63,"回响回复 III;极限攻击 III"
7,g-1-1,1,3,2,630,1,31,"周期回复 III"
7,g-1-1,1,3,7,621,1,20,"内在眩惑"
7,g-1-1,1,3,4,617,0,,""
7,g-1-1,1,3,1,606,0,,""
7,g-1-1,1,3,8,601,1,63,"极限攻击 III"
7,g-1-1,1,3,1,594,1,31,"周期回复 III"
7,g-1-1,1,3,3,585,2,11;19,"周期攻击 III;范围内在削弱"
7,g-1-1,1,3,1,581,1,27,"终幕回复 III"
7,g-1-1,1,3,7,563,1,20,"内在眩惑"
7,g-1-1,1,3,6,558,0,,""
7,g-1-1,1,3,10,555,2,31;32,"周期回复 III;回响回复 III"
8,g-1-2,1,3,5,999,1,10,"突入攻击 III"
8,g-1-2,1,3,3,999,1,18,"内在削弱"
8,g-1-2,1,3,3,999,1,31,"周期回复 III"
8,g-1-2,1,3,9,997,0,,""
8,g-1-2,1,3,6,977,0,,""
8,g-1-2,1,3,1,963,1,19,"范围内在削弱"
8,g-1-2,1,3,2,961,0,,""
8,g-1-2,1,3,7,940,1,32,"回响回复 III"
8,g-1-2,1,3,5,936,1,63,"极限攻击 III"
8,g-1-2,1,3,8,935,0,,""
8,g-1-2,1,3,3,903,1,63,"极限攻击 III"
8,g-1-2,1,3,8,892,2,12;38,"回响攻击 III;外围增强 III"
8,g-1-2,1,3,2,889,1,36,"内在增强 III"
8,g-1-2,1,3,8,882,1,31,"周期回复 III"
8,g-1-2,1,3,5,865,0,,""
8,g-1-2,1,3,9,856,0,,""
8,g-1-2,1,3,4,850,0,,""
8,g-1-2,1,3,1,849,2,20;38,"内在眩惑;外围增强 III"
8,g-1-2,1,3,1,837,0,,""
8,g-1-2,1,3,1,809,1,12,"回响攻击 III"
8,g-1-2,1,3,4,795,1,15,"余波攻击 III"
8,g-1-2,1,3,8,787,1,15,"余波攻击 III"
8,g-1-2,1,3,2,749,1,19,"范围内在削弱"
8,g-1-2,1,3,1,725,0,,""
8,g-1-2,1,3,2,688,0,,""
8,g-1-2,1,3,8,629,2,42;36,"精神强化 III;内在增强 III"
8,g-1-2,1,3,9,623,1,36,"内在增强 III"
8,g-1-2,1,3,10,590,0,,""
8,g-1-2,1,3,2,579,2,11;37,"周期攻击 III;外部增强 III"
8,g-1-2,1,3,1,527,1,31,"周期回复 III"
8,g-1-2,1,3,8,473,0,,""
8,g-1-2,1,3,6,428,1,7,"终幕攻击 III"
8,g-1-2,1,3,6,420,1,19,"范围内在削弱"
8,g-1-2,1,3,3,356,2,51;30,"范围集中强化 III;突入回复 III"
9,g-1-3,1,3,7,997,2,63;38,"极限攻击 III;外围增强 III"
9,g-1-3,1,3,10,993,0,,""
9,g-1-3,1,3,4,990,2,21;38,"范围内在眩惑;外围增强 III"
9,g-1-3,1,3,4,977,2,32;38,"回响回复 III;外围增强 III"
9,g-1-3,1,3,2,959,1,16,"内在压迫"
9,g-1-3,1,3,9,952,0,,""
9,g-1-3,1,3,1,951,1,19,"范围内在削弱"
9,g-1-3,1,3,8,931,1,45,"范围精神强化 III"
9,g-1-3,1,3,3,893,1,42,"精神强化 III"
9,g-1-3,1,3,6,874,2,11;31,"周期攻击 III;周期回复 III"
9,g-1-3,1,3,6,869,1,16,"内在压迫"
9,g-1-3,1,3,5,857,1,20,"内在眩惑"
9,g-1-3,1,3,6,851,0,,""
9,g-1-3,1,3,6,846,2,19;31,"范围内在削弱;周期回复 III"
9,g-1-3,1,3,8,840,0,,""
9,g-1-3,1,3,2,813,0,,""
9,g-1-3,1,3,7,806,2,42;39,"精神强化 III;范围内在增强 III"
9,g-1-3,1,3,2,804,0,,""
9,g-1-3,1,3,1,800,2,7;24,"终幕攻击 III;开幕回复 III"
9,g-1-3,1,3,5,800,2,19;32,"范围内在削弱;回响回复 III"
9,g-1-3,1,3,8,795,1,18,"内在削弱"
9,g-1-3,1,3,5,756,1,15,"余波攻击 III"
9,g-1-3,1,3,4,752,1,31,"周期回复 III"
9,g-1-3,1,3,10,663,0,,""
9,g-1-3,1,3,4,661,2,12;20,"回响攻击 III;内在眩惑"
9,g-1-3,1,3,4,656,0,,""
9,g-1-3,1,3,4,655,2,24;30,"开幕回复 III;突入回复 III"
9,g-1-3,1,3,1,652,0,,""
9,g-1-3,1,3,4,620,1,16,"内在压迫"
9,g-1-3,1,3,6,616,1,31,"周期回复 III"
9,g-1-3,1,3,5,610,1,7,"终幕攻击 III"
9,g-1-3,1,3,6,553,0,,""
9,g-1-3,1,3,6,471,1,36,"内在增强 III"
9,g-1-3,1,3,5,459,2,48;15,"集中强化 III;余波攻击 III"
9,g-1-3,1,3,8,449,2,31;18,"周期回复 III;内在削弱"
9,g-1-3,1,3,3,436,1,31,"周期回复 III"
10,b-1-1,1,4,5,988,2,11;38,"周期攻击 III;外围增强 III"
10,b-1-1,1,4,7,984,0,,""
10,b-1-1,1,4,5,977,0,,""
10,b-1-1,1,4,2,952,2,4;10,"开幕攻击 III;突入攻击 III"
10,b-1-1,1,4,1,950,0,,""
10,b-1-1,1,4,10,941,2,39;27,"范围内在增强 III;终幕回复 III"
10,b-1-1,1,4,4,927,1,19,"范围内在削弱"
10,b-1-1,1,4,7,902,1,35,"余波回复 III"
10,b-1-1,1,4,10,902,1,16,"内在压迫"
10,b-1-1,1,4,6,899,1,11,"周期攻击 III"
10,b-1-1,1,4,1,894,1,63,"极限攻击 III"
10,b-1-1,1,4,7,890,1,45,"范围精神强化 III"
10,b-1-1,1,4,5,884,1,38,"外围增强 III"
10,b-1-1,1,4,6,851,1,18,"内在削弱"
10,b-1-1,1,4,7,845,1,11,"周期攻击 III"
10,b-1-1,1,4,3,838,1,51,"范围集中强化 III"
10,b-1-1,1,4,1,824,1,7,"终幕攻击 III"
10,b-1-1,1,4,1,822,2,32;31,"回响回复 III;周期回复 III"
10,b-1-1,1,4,1,785,2,19;16,"范围内在削弱;内在压迫"
10,b-1-1,1,4,9,767,2,24;24,"开幕回复 III;开幕回复 III"
10,b-1-1,1,4,7,760,1,30,"突入回复 III"
10,b-1-1,1,4,5,756,0,,""
10,b-1-1,1,4,1,745,0,,""
10,b-1-1,1,4,10,731,1,19,"范围内在削弱"
10,b-1-1,1,4,5,724,0,,""
10,b-1-1,1,4,1,717,2,18;31,"内在削弱;周期回复 III"
10,b-1-1,1,4,10,702,1,63,"极限攻击 III"
10,b-1-1,1,4,10,685,2,4;51,"开幕攻击 III;范围集中强化 III"
10,b-1-1,1,4,10,641,1,48,"集中强化 III"
10,b-1-1,1,4,4,629,1,4,"开幕攻击 III"
10,b-1-1,1,4,2,628,1,30,"突入回复 III"
10,b-1-1,1,4,5,604,2,20;11,"内在眩惑;周期攻击 III"
10,b-1-1,1,4,6,580,0,,""
10,b-1-1,1,4,8,574,2,51;24,"范围集中强化 III;开幕回复 III"
10,b-1-1,1,4,6,556,0,,""
10,b-1-1,1,4,2,523,1,31,"周期回复 III"
10,b-1-1,1,4,10,432,1,12,"回响攻击 III"
10,b-1-1,1,4,1,399,0,,""
10,b-1-1,1,4,3,381,2,16;31,"内在压迫;周期回复 III"
11,b-1-2,1,4,8,999,1,35,"余波回复 III"
11,b-1-2,1,4,6,999,1,16,"内在压迫"
11,b-1-2,1,4,1,995,2,18;12,"内在削弱;回响攻击 III"
11,b-1-2,1,4,4,989,1,24,"开幕回复 III"
11,b-1-2,1,4,3,982,0,,""
11,b-1-2,1,4,10,962,1,10,"突入攻击 III"
11,b-1-2,1,4,3,943,1,12,"回响攻击 III"
11,b-1-2,1,4,7,940,1,39,"范围内在增强 III"
11,b-1-2,1,4,5,930,1,16,"内在压迫"
11,b-1-2,1,4,3,918,0,,""
11,b-1-2,1,4,7,912,1,30,"突入回复 III"
11,b-1-2,1,4,10,909,2,45;39,"范围精神强化 III;范围内在增强 III"
11,b-1-2,1,4,5,907,1,12,"回响攻击 III"
11,b-1-2,1,4,4,902,1,15,"余波攻击 III"
11,b-1-2,1,4,5,900,2,18;11,"内在削弱;周期攻击 III"
11,b-1-2,1,4,7,876,0,,""
11,b-1-2,1,4,1,861,1,19,"范围内在削弱"
11,b-1-2,1,4,9,856,1,20,"内在眩惑"
11,b-1-2,1,4,10,844,0,,""
11,b-1-2,1,4,7,841,0,,""
11,b-1-2,1,4,5,841,1,32,"回响回复 III"
11,b-1-2,1,4,5,834,1,16,"内在压迫"
11,b-1-2,1,4,5,833,1,12,"回响攻击 III"
11,b-1-2,1,4,10,810,2,38;37,"外围增强 III;外部增强 III"
11,b-1-2,1,4,8,792,0,,""
11,b-1-2,1,4,4,792,1,21,"范围内在眩惑"
11,b-1-2,1,4,10,788,1,45,"范围精神强化 III"
11,b-1-2,1,4,2,724,0,,""
11,b-1-2,1,4,9,713,1,18,"内在削弱"
11,b-1-2,1,4,7,711,2,32;12,"回响回复 III;回响攻击 III"
11,b-1-2,1,4,2,696,0,,""
11,b-1-2,1,4,3,659,0,,""
11,b-1-2,1,4,8,633,3,38;37;11,"外围增强 III;外部增强 III;周期攻击 III"
11,b-1-2,1,4,3,588,1,18,"内在削弱"
11,b-1-2,1,4,6,558,0,,""
11,b-1-2,1,4,4,549,1,37,"外部增强 III"
11,b-1-2,1,4,10,429,2,15;4,"余波攻击 III;开幕攻击 III"
11,b-1-2,1,4,2,391,2,10;39,"突入攻击 III;范围内在增强 III"
11,b-1-2,1,4,8,382,0,,""
12,b-1-3,1,4,13,999,0,,""
12,b-1-3,1,4,8,999,1,37,"外部增强 III"
12,b-1-3,1,4,10,992,1,15,"余波攻击 III"
12,b-1-3,1,4,4,991,0,,""
12,b-1-3,1,4,7,978,1,38,"外围增强 III"
12,b-1-3,1,4,5,963,1,12,"回响攻击 III"
12,b-1-3,1,4,6,957,1,18,"内在削弱"
12,b-1-3,1,4,4,953,1,24,"开幕回复 III"
12,b-1-3,1,4,3,945,0,,""
12,b-1-3,1,4,10,929,0,,""
12,b-1-3,1,4,1,926,1,21,"范围内在眩惑"
12,b-1-3,1,4,6,924,2,38;32,"外围增强 III;回响回复 III"
12,b-1-3,1,4,3,917,2,4;42,"开幕攻击 III;精神强化 III"
12,b-1-3,1,4,2,916,0,,""
12,b-1-3,1,4,1,906,1,30,"突入回复 III"
12,b-1-3,1,4,3,890,1,39,"范围内在增强 III"
12,b-1-3,1,4,9,884,0,,""
12,b-1-3,1,4,1,873,0,,""
12,b-1-3,1,4,1,866,1,19,"范围内在削弱"
12,b-1-3,1,4,10,860,1,51,"范围集中强化 III"
12,b-1-3,1,4,8,849,1,35,"余波回复 III"
12,b-1-3,1,4,7,844,0,,""
12,b-1-3,1,4,9,809,0,,""
12,b-1-3,1,4,6,807,2,38;11,"外围增强 III;周期攻击 III"
12,b-1-3,1,4,2,799,1,21,"范围内在眩惑"
12,b-1-3,1,4,7,780,1,37,"外部增强 III"
12,b-1-3,1,4,3,771,1,4,"开幕攻击 III"
12,b-1-3,1,4,4,768,2,21;11,"范围内在眩惑;周期攻击 III"
12,b-1-3,1,4,3,767,1,37,"外部增强 III"
12,b-1-3,1,4,4,759,1,15,"余波攻击 III"
12,b-1-3,1,4,3,725,0,,""
12,b-1-3,1,4,4,724,1,19,"范围内在削弱"
12,b-1-3,1,4,10,717,2,42;30,"精神强化 III;突入回复 III"
12,b-1-3,1,4,2,705,0,,""
12,b-1-3,1,4,2,692,2,31;37,"周期回复 III;外部增强 III"
12,b-1-3,1,4,3,684,1,19,"范围内在削弱"
12,b-1-3,1,4,1,606,2,16;20,"内在压迫;内在眩惑"
12,b-1-3,1,4,10,576,0,,""
12,b-1-3,1,4,2,439,1,48,"集中强化 III"
13,p-1-1,1,5,7,999,2,37;20,"外部增强 III;内在眩惑"
13,p-1-1,1,5,2,999,2,32;20,"回响回复 III;内在眩惑"
13,p-1-1,1,5,3,996,0,,""
13,p-1-1,1,5,10,991,0,,""
13,p-1-1,1,5,9,982,1,63,"极限攻击 III"
13,p-1-1,1,5,1,971,1,38,"外围增强 III"
13,p-1-1,1,5,8,969,2,48;39,"集中强化 III;范围内在增强 III"
13,p-1-1,1,5,9,953,1,27,"终幕回复 III"
13,p-1-1,1,5,9,944,1,20,"内在眩惑"
13,p-1-1,1,5,6,913,1,63,"极限攻击 III"
13,p-1-1,1,5,6,908,1,39,"范围内在增强 III"
13,p-1-1,1,5,5,901,1,11,"周期攻击 III"
13,p-1-1,1,5,7,899,1,18,"内在削弱"
13,p-1-1,1,5,8,895,1,38,"外围增强 III"
13,p-1-1,1,5,9,874,1,4,"开幕攻击 III"
13,p-1-1,1,5,2,847,1,36,"内在增强 III"
13,p-1-1,1,5,9,845,0,,""
13,p-1-1,1,5,5,830,2,32;21,"回响回复 III;范围内在眩惑"
13,p-1-1,1,5,7,823,2,11;32,"周期攻击 III;回响回复 III"
13,p-1-1,1,5,4,814,1,12,"回响攻击 III"
13,p-1-1,1,5,8,809,1,63,"极限攻击 III"
13,p-1-1,1,5,8,792,0,,""
13,p-1-1,1,5,4,773,2,51;4,"范围集中强化 III;开幕攻击 III"
13,p-1-1,1,5,10,754,2,51;39,"范围集中强化 III;范围内在增强 III"
13,p-1-1,1,5,8,724,2,39;42,"范围内在增强 III;精神强化 III"
13,p-1-1,1,5,7,707,1,63,"极限攻击 III"
13,p-1-1,1,5,6,703,1,21,"范围内在眩惑"
13,p-1-1,1,5,9,690,1,12,"回响攻击 III"
13,p-1-1,1,5,9,647,1,63,"极限攻击 III"
13,p-1-1,1,5,1,622,1,31,"周期回复 III"
13,p-1-1,1,5,10,619,0,,""
13,p-1-1,1,5,1,610,1,63,"极限攻击 III"
13,p-1-1,1,5,10,591,0,,""
13,p-1-1,1,5,5,518,1,20,"内在眩惑"
13,p-1-1,1,5,3,392,0,,""
13,p-1-1,1,5,4,371,2,18;38,"内在削弱;外围增强 III"
14,p-1-2,1,5,4,999,2,48;24,"集中强化 III;开幕回复 III"
14,p-1-2,1,5,6,999,2,10;10,"突入攻击 III;突入攻击 III"
14,p-1-2,1,5,10,997,1,24,"开幕回复 III"
14,p-1-2,1,5,10,987,0,,""
14,p-1-2,1,5,8,981,1,38,"外围增强 III"
14,p-1-2,1,5,5,975,0,,""
14,p-1-2,1,5,5,951,1,63,"极限攻击 III"
14,p-1-2,1,5,9,940,0,,""
14,p-1-2,1,5,8,934,1,38,"外围增强 III"
14,p-1-2,1,5,4,913,1,16,"内在压迫"
14,p-1-2,1,5,7,908,0,,""
14,p-1-2,1,5,9,907,1,18,"内在削弱"
14,p-1-2,1,5,6,901,0,,""
14,p-1-2,1,5,4,899,1,37,"外部增强 III"
14,p-1-2,1,5,5,894,2,24;42,"开幕回复 III;精神强化 III"
14,p-1-2,1,5,5,890,3,37;20;32,"外部增强 III;内在眩惑;回响回复 III"
14,p-1-2,1,5,2,867,0,,""
14,p-1-2,1,5,5,850,1,18,"内在削弱"
14,p-1-2,1,5,7,842,0,,""
14,p-1-2,1,5,9,835,0,,""
14,p-1-2,1,5,3,828,2,45;7,"范围精神强化 III;终幕攻击 III"
14,p-1-2,1,5,5,824,2,7;35,"终幕攻击 III;余波回复 III"
14,p-1-2,1,5,3,821,0,,""
14,p-1-2,1,5,10,785,1,37,"外部增强 III"
14,p-1-2,1,5,10,758,2,11;32,"周期攻击 III;回响回复 III"
14,p-1-2,1,5,5,740,1,11,"周期攻击 III"
14,p-1-2,1,5,3,728,2,32;16,"回响回复 III;内在压迫"
14,p-1-2,1,5,9,722,1,63,"极限攻击 III"
14,p-1-2,1,5,7,710,0,,""
14,p-1-2,1,5,10,685,0,,""
14,p-1-2,1,5,9,658,0,,""
14,p-1-2,1,5,8,652,0,,""
14,p-1-2,1,5,8,625,2,37;16,"外部增强 III;内在压迫"
14,p-1-2,1,5,10,475,1,32,"回响回复 III"
14,p-1-2,1,5,2,474,2,32;20,"回响回复 III;内在眩惑"
15,p-1-3,1,5,3,999,2,27;42,"终幕回复 III;精神强化 III"
15,p-1-3,1,5,5,993,1,18,"内在削弱"
15,p-1-3,1,5,1,989,1,31,"周期回复 III"
15,p-1-3,1,5,6,974,1,10,"突入攻击 III"
15,p-1-3,1,5,8,974,1,21,"范围内在眩惑"
15,p-1-3,1,5,5,962,1,45,"范围精神强化 III"
15,p-1-3,1,5,7,959,2,31;20,"周期回复 III;内在眩惑"
15,p-1-3,1,5,6,946,1,31,"周期回复 III"
15,p-1-3,1,5,4,946,0,,""
15,p-1-3,1,5,6,941,2,63;18,"极限攻击 III;内在削弱"
15,p-1-3,1,5,8,912,1,11,"周期攻击 III"
15,p-1-3,1,5,1,906,1,48,"集中强化 III"
15,p-1-3,1,5,9,904,0,,""
15,p-1-3,1,5,4,891,1,18,"内在削弱"
15,p-1-3,1,5,5,878,1,63,"极限攻击 III"
15,p-1-3,1,5,10,845,0,,""
15,p-1-3,1,5,4,837,1,24,"开幕回复 III"
15,p-1-3,1,5,3,810,1,63,"极限攻击 III"
15,p-1-3,1,5,8,809,2,37;38,"外部增强 III;外围增强 III"
15,p-1-3,1,5,1,800,2,12;38,"回响攻击 III;外围增强 III"
15,p-1-3,1,5,6,780,0,,""
15,p-1-3,1,5,10,755,1,24,"开幕回复 III"
15,p-1-3,1,5,5,728,2,10;27,"突入攻击 III;终幕回复 III"
15,p-1-3,1,5,5,721,3,31;16;37,"周期回复 III;内在压迫;外部增强 III"
15,p-1-3,1,5,3,698,3,37;20;12,"外部增强 III;内在眩惑;回响攻击 III"
15,p-1-3,1,5,8,690,0,,""
15,p-1-3,1,5,9,682,0,,""
15,p-1-3,1,5,3,631,1,10,"突入攻击 III"
15,p-1-3,1,5,9,611,2,38;11,"外围增强 III;周期攻击 III"
15,p-1-3,1,5,6,589,1,30,"突入回复 III"
15,p-1-3,1,5,2,545,2,11;38,"周期攻击 III;外围增强 III"
15,p-1-3,1,5,9,526,1,16,"内在压迫"
15,p-1-3,1,5,7,504,0,,""
15,p-1-3,1,5,1,453,1,63,"极限攻击 III"
16,r-2-1,2,1,5,999,2,51;24,"范围集中强化 III;开幕回复 III"
16,r-2-1,2,1,2,994,2,30;39,"突入回复 III;范围内在增强 III"
16,r-2-1,2,1,7,967,1,24,"开幕回复 III"
16,r-2-1,2,1,7,945,0,,""
16,r-2-1,2,1,8,926,2,27;42,"终幕回复 III;精神强化 III"
16,r-2-1,2,1,3,921,1,7,"终幕攻击 III"
16,r-2-1,2,1,10,916,1,30,"突入回复 III"
16,r-2-1,2,1,10,903,1,51,"范围集中强化 III"
16,r-2-1,2,1,6,901,0,,""
16,r-2-1,2,1,6,876,1,15,"余波攻击 III"
16,r-2-1,2,1,7,875,2,4;45,"开幕攻击 III;范围精神强化 III"
16,r-2-1,2,1,7,870,1,10,"突入攻击 III"
16,r-2-1,2,1,5,829,1,27,"终幕回复 III"
16,r-2-1,2,1,10,807,2,42;48,"精神强化 III;集中强化 III"
16,r-2-1,2,1,2,733,2,27;15,"终幕回复 III;余波攻击 III"
16,r-2-1,2,1,7,650,0,,""
16,r-2-1,2,1,7,589,1,4,"开幕攻击 III"
17,r-2-2,2,1,6,999,2,35;42,"余波回复 III;精神强化 III"
17,r-2-2,2,1,8,999,1,15,"余波攻击 III"
17,r-2-2,2,1,8,988,0,,""
17,r-2-2,2,1,10,988,1,36,"内在增强 III"
17,r-2-2,2,1,3,987,1,4,"开幕攻击 III"
17,r-2-2,2,1,7,978,0,,""
17,r-2-2,2,1,7,917,2,15;48,"余波攻击 III;集中强化 III"
17,r-2-2,2,1,6,897,1,10,"突入攻击 III"
17,r-2-2,2,1,6,865,0,,""
17,r-2-2,2,1,5,860,0,,""
17,r-2-2,2,1,1,797,1,48,"集中强化 III"
17,r-2-2,2,1,2,772,1,39,"范围内在增强 III"
17,r-2-2,2,1,6,764,2,10;7,"突入攻击 III;终幕攻击 III"
17,r-2-2,2,1,10,723,1,45,"范围精神强化 III"
17,r-2-2,2,1,8,692,1,4,"开幕攻击 III"
17,r-2-2,2,1,6,579,1,36,"内在增强 III"
17,r-2-2,2,1,7,522,2,10;51,"突入攻击 III;范围集中强化 III"
18,r-2-3,2,1,5,999,0,,""
18,r-2-3,2,1,7,962,1,4,"开幕攻击 III"
18,r-2-3,2,1,4,960,0,,""
18,r-2-3,2,1,8,950,1,4,"开幕攻击 III"
18,r-2-3,2,1,7,939,0,,""
18,r-2-3,2,1,8,932,1,15,"余波攻击 III"
18,r-2-3,2,1,4,925,2,27;4,"终幕回复 III;开幕攻击 III"
18,r-2-3,2,1,10,874,1,15,"余波攻击 III"
18,r-2-3,2,1,4,825,0,,""
18,r-2-3,2,1,1,822,2,10;30,"突入攻击 III;突入回复 III"
18,r-2-3,2,1,9,807,1,39,"范围内在增强 III"
18,r-2-3,2,1,2,807,2,39;35,"范围内在增强 III;余波回复 III"
18,r-2-3,2,1,7,794,0,,""
18,r-2-3,2,1,10,758,0,,""
18,r-2-3,2,1,3,712,0,,""
18,r-2-3,2,1,2,673,1,36,"内在增强 III"
18,r-2-3,2,1,7,442,2,4;35,"开幕攻击 III;余波回复 III"
19,y-2-1,2,2,6,976,1,24,"开幕回复 III"
19,y-2-1,2,2,5,952,1,45,"范围精神强化 III"
19,y-2-1,2,2,9,945,1,10,"突入攻击 III"
19,y-2-1,2,2,8,938,2,4;15,"开幕攻击 III;余波攻击 III"
19,y-2-1,2,2,9,919,1,39,"范围内在增强 III"
19,y-2-1,2,2,6,913,1,24,"开幕回复 III"
19,y-2-1,2,2,10,911,0,,""
19,y-2-1,2,2,4,911,1,36,"内在增强 III"
19,y-2-1,2,2,2,686,1,35,"余波回复 III"
19,y-2-1,2,2,6,532,1,39,"范围内在增强 III"
19,y-2-1,2,2,2,510,1,51,"范围集中强化 III"
20,y-2-2,2,2,7,999,2,27;10,"终幕回复 III;突入攻击 III"
20,y-2-2,2,2,4,992,1,36,"内在增强 III"
20,y-2-2,2,2,7,975,2,24;4,"开幕回复 III;开幕攻击 III"
20,y-2-2,2,2,4,871,1,42,"精神强化 III"
20,y-2-2,2,2,5,865,2,4;10,"开幕攻击 III;突入攻击 III"
20,y-2-2,2,2,2,834,0,,""
20,y-2-2,2,2,1,783,2,36;24,"内在增强 III;开幕回复 III"
20,y-2-2,2,2,7,781,1,7,"终幕攻击 III"
20,y-2-2,2,2,7,748,0,,""
20,y-2-2,2,2,6,724,2,45;30,"范围精神强化 III;突入回复 III"
20,y-2-2,2,2,5,632,1,30,"突入回复 III"
21,y-2-3,2,2,4,907,0,,""
21,y-2-3,2,2,10,905,0,,""
21,y-2-3,2,2,3,902,1,15,"余波攻击 III"
21,y-2-3,2,2,1,869,1,27,"终幕回复 III"
21,y-2-3,2,2,9,863,0,,""
21,y-2-3,2,2,1,814,2,36;15,"内在增强 III;余波攻击 III"
21,y-2-3,2,2,1,812,1,51,"范围集中强化 III"
21,y-2-3,2,2,7,684,1,48,"集中强化 III"
21,y-2-3,2,2,3,677,1,27,"终幕回复 III"
21,y-2-3,2,2,7,648,0,,""
21,y-2-3,2,2,10,612,1,42,"精神强化 III"
22,g-2-1,2,3,7,997,2,15;27,"余波攻击 III;终幕回复 III"
22,g-2-1,2,3,4,981,0,,""
22,g-2-1,2,3,3,977,0,,""
22,g-2-1,2,3,4,976,1,27,"终幕回复 III"
22,g-2-1,2,3,2,954,1,51,"范围集中强化 III"
22,g-2-1,2,3,2,847,2,42;15,"精神强化 III;余波攻击 III"
22,g-2-1,2,3,10,795,2,4;10,"开幕攻击 III;突入攻击 III"
22,g-2-1,2,3,1,702,1,27,"终幕回复 III"
22,g-2-1,2,3,5,657,0,,""
22,g-2-1,2,3,8,542,1,51,"范围集中强化 III"
22,g-2-1,2,3,3,401,1,4,"开幕攻击 III"
23,g-2-2,2,3,1,999,1,24,"开幕回复 III"
23,g-2-2,2,3,3,973,0,,""
23,g-2-2,2,3,2,968,1,24,"开幕回复 III"
23,g-2-2,2,3,7,952,1,51,"范围集中强化 III"
23,g-2-2,2,3,2,947,0,,""
23,g-2-2,2,3,5,899,2,27;24,"终幕回复 III;开幕回复 III"
23,g-2-2,2,3,4,842,1,7,"终幕攻击 III"
23,g-2-2,2,3,3,746,2,10;45,"突入攻击 III;范围精神强化 III"
23,g-2-2,2,3,10,708,1,15,"余波攻击 III"
23,g-2-2,2,3,8,375,1,24,"开幕回复 III"
24,g-2-3,2,3,10,980,0,,""
24,g-2-3,2,3,4,963,2,42;35,"精神强化 III;余波回复 III"
24,g-2-3,2,3,4,950,0,,""
24,g-2-3,2,3,2,869,1,48,"集中强化 III"
24,g-2-3,2,3,7,831,1,45,"范围精神强化 III"
24,g-2-3,2,3,2,794,0,,""
24,g-2-3,2,3,8,744,1,24,"开幕回复 III"
24,g-2-3,2,3,2,667,0,,""
24,g-2-3,2,3,5,622,0,,""
24,g-2-3,2,3,2,565,0,,""
25,b-2-1,2,4,10,999,1,4,"开幕攻击 III"
25,b-2-1,2,4,9,977,1,24,"开幕回复 III"
25,b-2-1,2,4,4,975,1,51,"范围集中强化 III"
25,b-2-1,2,4,6,940,0,,""
25,b-2-1,2,4,9,923,1,51,"范围集中强化 III"
25,b-2-1,2,4,10,901,1,4,"开幕攻击 III"
25,b-2-1,2,4,7,884,2,51;30,"范围集中强化 III;突入回复 III"
25,b-2-1,2,4,3,851,0,,""
25,b-2-1,2,4,1,816,1,35,"余波回复 III"
25,b-2-1,2,4,8,794,0,,""
25,b-2-1,2,4,5,780,2,27;10,"终幕回复 III;突入攻击 III"
25,b-2-1,2,4,4,763,0,,""
25,b-2-1,2,4,5,740,1,42,"精神强化 III"
25,b-2-1,2,4,3,707,1,36,"内在增强 III"
25,b-2-1,2,4,4,632,1,27,"终幕回复 III"
25,b-2-1,2,4,2,606,1,7,"终幕攻击 III"
25,b-2-1,2,4,4,345,1,36,"内在增强 III"
26,b-2-2,2,4,9,999,2,51;35,"范围集中强化 III;余波回复 III"
26,b-2-2,2,4,3,998,0,,""
26,b-2-2,2,4,6,994,1,4,"开幕攻击 III"
26,b-2-2,2,4,3,963,0,,""
26,b-2-2,2,4,4,892,0,,""
26,b-2-2,2,4,6,887,1,39,"范围内在增强 III"
26,b-2-2,2,4,8,884,0,,""
26,b-2-2,2,4,7,855,2,35;42,"余波回复 III;精神强化 III"
26,b-2-2,2,4,4,807,1,15,"余波攻击 III"
26,b-2-2,2,4,1,783,0,,""
26,b-2-2,2,4,7,778,0,,""
26,b-2-2,2,4,3,772,1,35,"余波回复 III"
26,b-2-2,2,4,4,707,1,35,"余波回复 III"
26,b-2-2,2,4,3,664,1,51,"范围集中强化 III"
26,b-2-2,2,4,7,662,1,35,"余波回复 III"
26,b-2-2,2,4,10,596,1,7,"终幕攻击 III"
26,b-2-2,2,4,1,498,2,27;39,"终幕回复 III;范围内在增强 III"
27,b-2-3,2,4,8,999,0,,""
27,b-2-3,2,4,10,999,1,51,"范围集中强化 III"
27,b-2-3,2,4,1,999,1,15,"余波攻击 III"
27,b-2-3,2,4,1,991,1,51,"范围集中强化 III"
27,b-2-3,2,4,2,990,1,35,"余波回复 III"
27,b-2-3,2,4,6,940,0,,""
27,b-2-3,2,4,3,925,2,45;39,"范围精神强化 III;范围内在增强 III"
27,b-2-3,2,4,8,912,2,24;7,"开幕回复 III;终幕攻击 III"
27,b-2-3,2,4,4,887,0,,""
27,b-2-3,2,4,5,854,2,24;48,"开幕回复 III;集中强化 III"
27,b-2-3,2,4,7,810,1,35,"余波回复 III"
27,b-2-3,2,4,4,806,0,,""
27,b-2-3,2,4,5,803,0,,""
27,b-2-3,2,4,5,707,0,,""
27,b-2-3,2,4,9,683,1,4,"开幕攻击 III"
27,b-2-3,2,4,6,675,2,15;4,"余波攻击 III;开幕攻击 III"
27,b-2-3,2,4,2,653,1,15,"余波攻击 III"
28,p-2-1,2,5,3,999,1,45,"范围精神强化 III"
28,p-2-1,2,5,2,999,2,42;36,"精神强化 III;内在增强 III"
28,p-2-1,2,5,4,988,0,,""
28,p-2-1,2,5,5,885,1,51,"范围集中强化 III"
28,p-2-1,2,5,1,879,2,39;4,"范围内在增强 III;开幕攻击 III"
28,p-2-1,2,5,6,861,1,51,"范围集中强化 III"
28,p-2-1,2,5,8,827,0,,""
28,p-2-1,2,5,3,749,1,30,"突入回复 III"
28,p-2-1,2,5,6,714,1,4,"开幕攻击 III"
28,p-2-1,2,5,6,673,1,7,"终幕攻击 III"
29,p-2-2,2,5,2,999,1,30,"突入回复 III"
29,p-2-2,2,5,5,984,2,35;48,"余波回复 III;集中强化 III"
29,p-2-2,2,5,5,982,2,48;27,"集中强化 III;终幕回复 III"
29,p-2-2,2,5,10,953,1,7,"终幕攻击 III"
29,p-2-2,2,5,7,937,1,36,"内在增强 III"
29,p-2-2,2,5,6,877,1,51,"范围集中强化 III"
29,p-2-2,2,5,7,871,2,42;51,"精神强化 III;范围集中强化 III"
29,p-2-2,2,5,4,859,2,51;30,"范围集中强化 III;突入回复 III"
29,p-2-2,2,5,9,809,2,45;10,"范围精神强化 III;突入攻击 III"
29,p-2-2,2,5,6,692,1,24,"开幕回复 III"
29,p-2-2,2,5,8,658,0,,""
30,p-2-3,2,5,9,999,1,51,"范围集中强化 III"
30,p-2-3,2,5,8,982,1,24,"开幕回复 III"
30,p-2-3,2,5,7,939,0,,""
30,p-2-3,2,5,7,878,1,15,"余波攻击 III"
30,p-2-3,2,5,10,860,1,39,"范围内在增强 III"
30,p-2-3,2,5,6,818,0,,""
30,p-2-3,2,5,8,796,1,15,"余波攻击 III"
30,p-2-3,2,5,5,781,2,36;15,"内在增强 III;余波攻击 III"
30,p-2-3,2,5,4,734,2,10;7,"突入攻击 III;终幕攻击 III"
30,p-2-3,2,5,1,621,1,42,"精神强化 III"
30,p-2-3,2,5,10,614,0,,""
31,r-3-1,3,1,8,988,1,35,"余波回复 III"
31,r-3-1,3,1,1,885,2,30;15,"突入回复 III;余波攻击 III"
31,r-3-1,3,1,10,880,2,10;39,"突入攻击 III;范围内在增强 III"
31,r-3-1,3,1,6,777,1,42,"精神强化 III"
31,r-3-1,3,1,1,747,2,24;35,"开幕回复 III;余波回复 III"
31,r-3-1,3,1,9,654,2,30;45,"突入回复 III;范围精神强化 III"
32,r-3-2,3,1,10,999,2,51;7,"范围集中强化 III;终幕攻击 III"
32,r-3-2,3,1,4,999,1,15,"余波攻击 III"
32,r-3-2,3,1,7,985,1,36,"内在增强 III"
32,r-3-2,3,1,9,691,1,30,"突入回复 III"
32,r-3-2,3,1,3,681,1,45,"范围精神强化 III"
32,r-3-2,3,1,1,534,2,42;27,"精神强化 III;终幕回复 III"
33,y-3-1,3,2,10,980,2,27;36,"终幕回复 III;内在增强 III"
33,y-3-1,3,2,1,921,1,7,"终幕攻击 III"
33,y-3-1,3,2,10,894,1,45,"范围精神强化 III"
33,y-3-1,3,2,9,596,1,27,"终幕回复 III"
34,y-3-2,3,2,6,949,3,48;42;27,"集中强化 III;精神强化 III;终幕回复 III"
34,y-3-2,3,2,6,889,1,4,"开幕攻击 III"
34,y-3-2,3,2,7,838,3,24;30;10,"开幕回复 III;突入回复 III;突入攻击 III"
34,y-3-2,3,2,3,807,1,27,"终幕回复 III"
35,g-3-1,3,3,6,959,2,10;10,"突入攻击 III;突入攻击 III"
35,g-3-1,3,3,1,817,0,,""
35,g-3-1,3,3,5,772,2,51;39,"范围集中强化 III;范围内在增强 III"
35,g-3-1,3,3,8,736,2,48;35,"集中强化 III;余波回复 III"
35,g-3-1,3,3,3,694,2,42;51,"精神强化 III;范围集中强化 III"
36,g-3-2,3,3,10,999,2,42;4,"精神强化 III;开幕攻击 III"
36,g-3-2,3,3,3,940,2,45;4,"范围精神强化 III;开幕攻击 III"
36,g-3-2,3,3,1,863,1,15,"余波攻击 III"
36,g-3-2,3,3,4,814,1,51,"范围集中强化 III"
36,g-3-2,3,3,1,508,2,7;45,"终幕攻击 III;范围精神强化 III"
37,b-3-1,3,4,5,951,1,15,"余波攻击 III"
37,b-3-1,3,4,5,938,2,4;15,"开幕攻击 III;余波攻击 III"
37,b-3-1,3,4,9,912,1,39,"范围内在增强 III"
37,b-3-1,3,4,9,789,0,,""
37,b-3-1,3,4,6,672,3,7;30;51,"终幕攻击 III;突入回复 III;范围集中强化 III"
38,b-3-2,3,4,4,979,2,48;35,"集中强化 III;余波回复 III"
38,b-3-2,3,4,2,920,1,35,"余波回复 III"
38,b-3-2,3,4,5,902,1,24,"开幕回复 III"
38,b-3-2,3,4,10,852,2,30;7,"突入回复 III;终幕攻击 III"
38,b-3-2,3,4,9,711,2,36;48,"内在增强 III;集中强化 III"
38,b-3-2,3,4,7,674,0,,""
39,p-3-1,3,5,9,999,2,42;35,"精神强化 III;余波回复 III"
39,p-3-1,3,5,10,990,2,35;48,"余波回复 III;集中强化 III"
39,p-3-1,3,5,6,928,0,,""
39,p-3-1,3,5,1,814,1,39,"范围内在增强 III"
39,p-3-1,3,5,4,727,2,51;30,"范围集中强化 III;突入回复 III"
40,p-3-2,3,5,6,964,1,45,"范围精神强化 III"
40,p-3-2,3,5,5,929,3,7;39;15,"终幕攻击 III;范围内在增强 III;余波攻击 III"
40,p-3-2,3,5,5,624,1,48,"集中强化 III"
40,p-3-2,3,5,1,601,2,39;27,"范围内在增强 III;终幕回复 III"
40,p-3-2,3,5,8,555,0,,""
