Encounter,Name,Run,Draw,ShapeId,Count,Potency,SkillCount,TraitIds
83,"无名之女",1,1,25,9,923,1,51
83,"无名之女",1,2,26,6,887,1,39
83,"无名之女",1,3,10,10,941,2,39;27
83,"无名之女",1,4,16,10,903,1,51
83,"无名之女",1,5,1,10,999,2,35;7
83,"无名之女",1,6,12,10,860,1,51
83,"无名之女",1,7,3,8,594,2,48;4
83,"无名之女",1,8,31,10,880,2,10;39
83,"无名之女",1,9,32,7,985,1,36
83,"无名之女",1,10,27,8,999,0,
83,"无名之女",1,11,11,7,940,1,39
83,"无名之女",2,1,18,2,673,1,36
83,"无名之女",2,2,2,10,623,1,7
83,"无名之女",2,3,3,1,958,1,27
83,"无名之女",2,4,2,5,775,2,48;27
83,"无名之女",2,5,11,8,999,1,35
83,"无名之女",2,6,17,1,797,1,48
83,"无名之女",2,7,25,3,851,0,
83,"无名之女",2,8,10,7,902,1,35
83,"无名之女",2,9,18,8,950,1,4
83,"无名之女",2,10,1,10,818,1,10
83,"无名之女",2,11,26,1,498,2,27;39
83,"无名之女",3,1,16,10,807,2,42;48
83,"无名之女",3,2,12,4,759,1,15
83,"无名之女",3,3,3,1,871,0,
83,"无名之女",3,4,2,5,765,0,
83,"无名之女",3,5,12,3,890,1,39
83,"无名之女",3,6,11,2,391,2,10;39
83,"无名之女",3,7,27,1,991,1,51
83,"无名之女",3,8,1,8,860,1,30
83,"无名之女",3,9,17,6,999,2,35;42
83,"无名之女",3,10,10,4,629,1,4
83,"无名之女",3,11,16,7,945,0,
83,"无名之女",4,1,26,10,596,1,7
83,"无名之女",4,2,25,6,940,0,
83,"无名之女",4,3,11,4,902,1,15
83,"无名之女",4,4,2,6,752,0,
83,"无名之女",4,5,38,7,674,0,
83,"无名之女",4,6,3,2,987,1,27
83,"无名之女",4,7,27,5,803,0,
83,"无名之女",4,8,12,7,844,0,
83,"无名之女",4,9,18,7,939,0,
83,"无名之女",4,10,17,8,999,1,15
83,"无名之女",4,11,17,10,723,1,45
83,"无名之女",5,1,10,10,685,2,4;51
83,"无名之女",5,2,1,4,739,2,15;42
83,"无名之女",5,3,25,10,901,1,4
83,"无名之女",5,4,16,2,733,2,27;15
83,"无名之女",5,5,26,4,892,0,
83,"无名之女",5,6,27,10,999,1,51
83,"无名之女",5,7,11,10,429,2,15;4
83,"无名之女",5,8,12,10,992,1,15
83,"无名之女",5,9,3,9,972,1,36
83,"无名之女",5,10,2,6,517,2,15;27
83,"无名之女",5,11,10,2,628,1,30
83,"无名之女",6,1,37,6,672,3,7;30;51
83,"无名之女",6,2,38,5,902,1,24
83,"无名之女",6,3,32,3,681,1,45
83,"无名之女",6,4,18,7,962,1,4
83,"无名之女",6,5,18,5,999,0,
83,"无名之女",6,6,16,3,921,1,7
83,"无名之女",6,7,1,10,947,2,42;51
83,"无名之女",6,8,1,8,657,0,
83,"无名之女",6,9,10,1,824,1,7
83,"无名之女",6,10,17,6,897,1,10
83,"无名之女",6,11,2,5,880,1,35
83,"无名之女",7,1,27,4,806,0,
83,"无名之女",7,2,11,6,558,0,
83,"无名之女",7,3,26,7,855,2,35;42
83,"无名之女",7,4,3,9,975,0,
83,"无名之女",7,5,12,8,849,1,35
83,"无名之女",7,6,10,7,890,1,45
83,"无名之女",7,7,25,3,707,1,36
83,"无名之女",7,8,3,6,784,1,45
83,"无名之女",7,9,16,5,829,1,27
83,"无名之女",7,10,18,7,442,2,4;35
83,"无名之女",7,11,11,10,962,1,10
83,"无名之女",8,1,25,4,632,1,27
83,"无名之女",8,2,26,3,664,1,51
83,"无名之女",8,3,2,3,999,0,
83,"无名之女",8,4,17,8,988,0,
83,"无名之女",8,5,27,6,940,0,
83,"无名之女",8,6,25,5,780,2,27;10
83,"无名之女",8,7,1,9,848,1,36
83,"无名之女",8,8,26,7,778,0,
83,"无名之女",8,9,12,2,439,1,48
83,"无名之女",8,10,16,8,926,2,27;42
83,"无名之女",8,11,3,5,647,2,15;36
83,"无名之女",9,1,18,1,822,2,10;30
83,"无名之女",9,2,17,5,860,0,
83,"无名之女",9,3,27,8,912,2,24;7
83,"无名之女",9,4,12,4,991,0,
83,"无名之女",9,5,27,1,999,1,15
83,"无名之女",9,6,10,1,399,0,
83,"无名之女",9,7,26,3,998,0,
83,"无名之女",9,8,16,7,589,1,4
83,"无名之女",9,9,37,5,951,1,15
83,"无名之女",9,10,11,8,792,0,
83,"无名之女",9,11,31,9,654,2,30;45
83,"无名之女",10,1,17,6,865,0,
83,"无名之女",10,2,37,9,912,1,39
83,"无名之女",10,3,1,4,862,1,4
83,"无名之女",10,4,25,5,740,1,42
83,"无名之女",10,5,2,7,960,1,24
83,"无名之女",10,6,1,6,920,1,4
83,"无名之女",10,7,10,6,580,0,
83,"无名之女",10,8,18,9,807,1,39
83,"无名之女",10,9,11,4,989,1,24
83,"无名之女",10,10,26,4,807,1,15
83,"无名之女",10,11,3,8,893,0,
83,"无名之女",11,1,18,2,807,2,39;35
83,"无名之女",11,2,27,6,675,2,15;4
83,"无名之女",11,3,16,7,650,0,
83,"无名之女",11,4,25,9,977,1,24
83,"无名之女",11,5,38,10,852,2,30;7
83,"无名之女",11,6,32,10,999,2,51;7
83,"无名之女",11,7,2,3,945,2,39;15
83,"无名之女",11,8,12,3,917,2,4;42
83,"无名之女",11,9,2,1,746,0,
83,"无名之女",11,10,11,10,909,2,45;39
83,"无名之女",11,11,12,10,717,2,42;30
83,"无名之女",12,1,17,8,692,1,4
83,"无名之女",12,2,18,4,825,0,
83,"无名之女",12,3,16,7,967,1,24
83,"无名之女",12,4,31,1,747,2,24;35
83,"无名之女",12,5,32,1,534,2,42;27
83,"无名之女",12,6,26,1,783,0,
83,"无名之女",12,7,25,2,606,1,7
83,"无名之女",12,8,1,2,857,1,51
83,"无名之女",12,9,3,4,936,1,39
83,"无名之女",12,10,17,6,764,2,10;7
83,"无名之女",12,11,27,7,810,1,35
83,"无名之女",13,1,27,4,887,0,
83,"无名之女",13,2,17,10,988,1,36
83,"无名之女",13,3,26,7,662,1,35
83,"无名之女",13,4,31,8,988,1,35
83,"无名之女",13,5,25,4,763,0,
83,"无名之女",13,6,37,9,789,0,
83,"无名之女",13,7,18,4,960,0,
83,"无名之女",13,8,16,7,875,2,4;45
83,"无名之女",13,9,26,3,963,0,
83,"无名之女",13,10,17,7,917,2,15;48
83,"无名之女",13,11,10,10,641,1,48
83,"无名之女",14,1,25,4,345,1,36
83,"无名之女",14,2,27,9,683,1,4
83,"无名之女",14,3,12,9,884,0,
83,"无名之女",14,4,18,7,794,0,
83,"无名之女",14,5,2,7,484,1,27
83,"无名之女",14,6,10,9,767,2,24;24
83,"无名之女",14,7,1,8,602,2,51;45
83,"无名之女",14,8,16,10,916,1,30
83,"无名之女",14,9,17,3,987,1,4
83,"无名之女",14,10,18,4,925,2,27;4
83,"无名之女",14,11,26,8,884,0,
83,"无名之女",15,1,25,1,816,1,35
83,"无名之女",15,2,3,5,969,0,
83,"无名之女",15,3,16,6,876,1,15
83,"无名之女",15,4,27,2,990,1,35
83,"无名之女",15,5,16,6,901,0,
83,"无名之女",15,6,18,3,712,0,
83,"无名之女",15,7,26,3,772,1,35
83,"无名之女",15,8,11,8,382,0,
83,"无名之女",15,9,12,1,906,1,30
83,"无名之女",15,10,25,4,975,1,51
83,"无名之女",15,11,2,7,902,2,4;39
83,"无名之女",16,1,3,1,980,2,36;35
83,"无名之女",16,2,1,7,926,1,7
83,"无名之女",16,3,27,5,707,0,
83,"无名之女",16,4,10,7,760,1,30
83,"无名之女",16,5,38,2,920,1,35
83,"无名之女",16,6,37,5,938,2,4;15
83,"无名之女",16,7,38,9,711,2,36;48
83,"无名之女",16,8,17,2,772,1,39
83,"无名之女",16,9,32,4,999,1,15
83,"无名之女",16,10,16,5,999,2,51;24
83,"无名之女",16,11,11,7,912,1,30
83,"无名之女",17,1,26,4,707,1,35
83,"无名之女",17,2,27,3,925,2,45;39
83,"无名之女",17,3,25,8,794,0,
83,"无名之女",17,4,10,8,574,2,51;24
83,"无名之女",17,5,11,10,788,1,45
83,"无名之女",17,6,31,6,777,1,42
83,"无名之女",17,7,32,9,691,1,30
83,"无名之女",17,8,1,6,726,1,35
83,"无名之女",17,9,18,10,874,1,15
83,"无名之女",17,10,12,4,999,0,
83,"无名之女",17,11,2,9,887,0,
83,"无名之女",18,1,17,7,978,0,
83,"无名之女",18,2,26,9,999,2,51;35
83,"无名之女",18,3,38,4,979,2,48;35
83,"无名之女",18,4,17,6,579,1,36
83,"无名之女",18,5,3,2,999,1,35
83,"无名之女",18,6,16,7,870,1,10
83,"无名之女",18,7,12,3,771,1,4
83,"无名之女",18,8,11,10,844,0,
83,"无名之女",18,9,2,8,986,1,35
83,"无名之女",18,10,25,7,884,2,51;30
83,"无名之女",18,11,10,3,838,1,51
83,"无名之女",19,1,27,2,653,1,15
83,"无名之女",19,2,31,1,885,2,30;15
83,"无名之女",19,3,18,8,932,1,15
83,"无名之女",19,4,18,10,758,0,
83,"无名之女",19,5,16,2,994,2,30;39
83,"无名之女",19,6,17,7,522,2,10;51
83,"无名之女",19,7,25,10,999,1,4
83,"无名之女",19,8,1,7,923,2,51;15
83,"无名之女",19,9,3,2,578,1,48
83,"无名之女",19,10,11,3,982,0,
83,"无名之女",19,11,10,2,952,2,4;10
83,"无名之女",20,1,2,3,842,0,
83,"无名之女",20,2,12,4,953,1,24
83,"无名之女",20,3,3,10,943,1,7
83,"无名之女",20,4,1,8,496,1,7
83,"无名之女",20,5,11,3,659,0,
83,"无名之女",20,6,12,3,945,0,
83,"无名之女",20,7,27,5,854,2,24;48
83,"无名之女",20,8,1,10,998,2,35;36
83,"无名之女",20,9,2,6,948,2,35;10
83,"无名之女",20,10,3,7,906,2,51;35
83,"无名之女",20,11,26,6,994,1,4
84,"断绝",1,1,13,10,754,2,51;39
84,"断绝",1,2,15,5,728,2,10;27
84,"断绝",1,3,22,1,702,1,27
84,"断绝",1,4,29,6,877,1,51
84,"断绝",1,5,7,3,954,2,51;48
84,"断绝",1,6,34,7,838,3,24;30;10
84,"断绝",1,7,30,8,982,1,24
84,"断绝",1,8,4,8,426,1,39
84,"断绝",1,9,23,4,842,1,7
84,"断绝",1,10,14,3,828,2,45;7
84,"断绝",1,11,9,3,893,1,42
84,"断绝",2,1,19,2,686,1,35
84,"断绝",2,2,5,6,946,1,4
84,"断绝",2,3,28,5,885,1,51
84,"断绝",2,4,33,9,596,1,27
84,"断绝",2,5,8,8,629,2,42;36
84,"断绝",2,6,24,5,622,0,
84,"断绝",2,7,20,2,834,0,
84,"断绝",2,8,6,9,632,1,4
84,"断绝",2,9,13,8,792,0,
84,"断绝",2,10,6,6,996,1,35
84,"断绝",2,11,21,1,812,1,51
84,"断绝",3,1,4,5,916,1,36
84,"断绝",3,2,30,7,878,1,15
84,"断绝",3,3,24,7,831,1,45
84,"断绝",3,4,8,9,623,1,36
84,"断绝",3,5,14,3,821,0,
84,"断绝",3,6,7,7,908,1,7
84,"断绝",3,7,28,3,749,1,30
84,"断绝",3,8,19,9,919,1,39
84,"断绝",3,9,5,6,999,2,24;48
84,"断绝",3,10,21,3,677,1,27
84,"断绝",3,11,20,7,748,0,
84,"断绝",4,1,9,4,655,2,24;30
84,"断绝",4,2,15,5,962,1,45
84,"断绝",4,3,7,4,939,1,24
84,"断绝",4,4,14,8,652,0,
84,"断绝",4,5,13,2,847,1,36
84,"断绝",4,6,29,4,859,2,51;30
84,"断绝",4,7,4,1,999,1,39
84,"断绝",4,8,8,5,999,1,10
84,"断绝",4,9,15,3,631,1,10
84,"断绝",4,10,9,8,931,1,45
84,"断绝",4,11,39,10,990,2,35;48
84,"断绝",5,1,23,1,999,1,24
84,"断绝",5,2,6,4,797,1,39
84,"断绝",5,3,36,10,999,2,42;4
84,"断绝",5,4,35,3,694,2,42;51
84,"断绝",5,5,40,5,624,1,48
84,"断绝",5,6,5,5,628,2,48;30
84,"断绝",5,7,33,10,980,2,27;36
84,"断绝",5,8,5,6,882,0,
84,"断绝",5,9,13,8,969,2,48;39
84,"断绝",5,10,14,4,999,2,48;24
84,"断绝",5,11,15,4,837,1,24
84,"断绝",6,1,22,8,542,1,51
84,"断绝",6,2,7,6,754,1,36
84,"断绝",6,3,8,6,977,0,
84,"断绝",6,4,22,3,401,1,4
84,"断绝",6,5,4,3,938,0,
84,"断绝",6,6,24,8,744,1,24
84,"断绝",6,7,19,10,911,0,
84,"断绝",6,8,35,1,817,0,
84,"断绝",6,9,23,3,746,2,10;45
84,"断绝",6,10,40,5,929,3,7;39;15
84,"断绝",6,11,9,5,459,2,48;15
84,"断绝",7,1,20,5,632,1,30
84,"断绝",7,2,30,4,734,2,10;7
84,"断绝",7,3,34,3,807,1,27
84,"断绝",7,4,29,6,692,1,24
84,"断绝",7,5,28,3,999,1,45
84,"断绝",7,6,21,1,814,2,36;15
84,"断绝",7,7,24,4,950,0,
84,"断绝",7,8,29,5,984,2,35;48
84,"断绝",7,9,39,9,999,2,42;35
84,"断绝",7,10,6,6,871,1,42
84,"断绝",7,11,7,1,581,1,27
84,"断绝",8,1,22,4,981,0,
84,"断绝",8,2,5,10,649,1,51
84,"断绝",8,3,20,7,781,1,7
84,"断绝",8,4,28,6,673,1,7
84,"断绝",8,5,4,5,804,1,51
84,"断绝",8,6,15,1,906,1,48
84,"断绝",8,7,30,7,939,0,
84,"断绝",8,8,21,10,905,0,
84,"断绝",8,9,23,2,947,0,
84,"断绝",8,10,13,8,724,2,39;42
84,"断绝",8,11,19,9,945,1,10
84,"断绝",9,1,8,2,889,1,36
84,"断绝",9,2,36,4,814,1,51
84,"断绝",9,3,30,10,614,0,
84,"断绝",9,4,20,4,992,1,36
84,"断绝",9,5,24,2,565,0,
84,"断绝",9,6,21,9,863,0,
84,"断绝",9,7,23,3,973,0,
84,"断绝",9,8,29,7,937,1,36
84,"断绝",9,9,9,6,553,0,
84,"断绝",9,10,19,6,913,1,24
84,"断绝",9,11,6,6,693,1,4
84,"断绝",10,1,28,6,714,1,4
84,"断绝",10,2,40,8,555,0,
84,"断绝",10,3,39,4,727,2,51;30
84,"断绝",10,4,33,1,921,1,7
84,"断绝",10,5,14,5,824,2,7;35
84,"断绝",10,6,9,6,471,1,36
84,"断绝",10,7,5,2,788,2,42;4
84,"断绝",10,8,8,6,428,1,7
84,"断绝",10,9,15,6,974,1,10
84,"断绝",10,10,7,3,756,0,
84,"断绝",10,11,6,10,878,1,10
84,"断绝",11,1,22,5,657,0,
84,"断绝",11,2,19,4,911,1,36
84,"断绝",11,3,24,2,667,0,
84,"断绝",11,4,23,10,708,1,15
84,"断绝",11,5,22,10,795,2,4;10
84,"断绝",11,6,21,3,902,1,15
84,"断绝",11,7,28,2,999,2,42;36
84,"断绝",11,8,13,9,874,1,4
84,"断绝",11,9,14,2,867,0,
84,"断绝",11,10,4,1,604,0,
84,"断绝",11,11,30,6,818,0,
84,"断绝",12,1,6,7,874,1,36
84,"断绝",12,2,14,10,685,0,
84,"断绝",12,3,34,6,889,1,4
84,"断绝",12,4,13,4,773,2,51;4
84,"断绝",12,5,15,3,999,2,27;42
84,"断绝",12,6,29,2,999,1,30
84,"断绝",12,7,20,1,783,2,36;24
84,"断绝",12,8,21,7,684,1,48
84,"断绝",12,9,30,10,860,1,39
84,"断绝",12,10,28,1,879,2,39;4
84,"断绝",12,11,5,4,618,1,45
84,"断绝",13,1,8,8,935,0,
84,"断绝",13,2,19,5,952,1,45
84,"断绝",13,3,35,5,772,2,51;39
84,"断绝",13,4,9,8,840,0,
84,"断绝",13,5,29,8,658,0,
84,"断绝",13,6,4,7,974,2,36;48
84,"断绝",13,7,20,7,975,2,24;4
84,"断绝",13,8,7,6,835,0,
84,"断绝",13,9,13,9,953,1,27
84,"断绝",13,10,6,7,482,1,39
84,"断绝",13,11,4,7,522,0,
84,"断绝",14,1,7,4,971,1,27
84,"断绝",14,2,23,2,968,1,24
84,"断绝",14,3,8,1,725,0,
84,"断绝",14,4,5,2,915,1,30
84,"断绝",14,5,15,10,755,1,24
84,"断绝",14,6,22,3,977,0,
84,"断绝",14,7,36,1,863,1,15
84,"断绝",14,8,24,10,980,0,
84,"断绝",14,9,29,9,809,2,45;10
84,"断绝",14,10,22,7,997,2,15;27
84,"断绝",14,11,39,6,928,0,
84,"断绝",15,1,20,4,871,1,42
84,"断绝",15,2,30,8,796,1,15
84,"断绝",15,3,23,5,899,2,27;24
84,"断绝",15,4,36,3,940,2,45;4
84,"断绝",15,5,34,6,949,3,48;42;27
84,"断绝",15,6,33,10,894,1,45
84,"断绝",15,7,14,5,894,2,24;42
84,"断绝",15,8,24,2,794,0,
84,"断绝",15,9,19,8,938,2,4;15
84,"断绝",15,10,40,6,964,1,45
84,"断绝",15,11,9,5,610,1,7
84,"断绝",16,1,8,3,356,2,51;30
84,"断绝",16,2,15,10,845,0,
84,"断绝",16,3,9,7,806,2,42;39
84,"断绝",16,4,14,10,997,1,24
84,"断绝",16,5,6,1,813,2,27;30
84,"断绝",16,6,28,6,861,1,51
84,"断绝",16,7,13,6,908,1,39
84,"断绝",16,8,4,7,988,1,48
84,"断绝",16,9,5,1,633,2,48;27
84,"断绝",16,10,21,10,612,1,42
84,"断绝",16,11,24,2,869,1,48
84,"断绝",17,1,21,7,648,0,
84,"断绝",17,2,20,7,999,2,27;10
84,"断绝",17,3,23,8,375,1,24
84,"断绝",17,4,30,9,999,1,51
84,"断绝",17,5,28,8,827,0,
84,"断绝",17,6,22,4,976,1,27
84,"断绝",17,7,29,10,953,1,7
84,"断绝",17,8,35,8,736,2,48;35
84,"断绝",17,9,35,6,959,2,10;10
84,"断绝",17,10,19,2,510,1,51
84,"断绝",17,11,21,4,907,0,
84,"断绝",18,1,29,5,982,2,48;27
84,"断绝",18,2,39,1,814,1,39
84,"断绝",18,3,24,4,963,2,42;35
84,"断绝",18,4,22,2,847,2,42;15
84,"断绝",18,5,7,8,738,0,
84,"断绝",18,6,15,7,504,0,
84,"断绝",18,7,9,5,756,1,15
84,"断绝",18,8,28,4,988,0,
84,"断绝",18,9,30,1,621,1,42
84,"断绝",18,10,5,1,779,2,24;4
84,"断绝",18,11,4,7,640,1,35
84,"断绝",19,1,23,7,952,1,51
84,"断绝",19,2,7,8,996,2,35;39
84,"断绝",19,3,13,10,619,0,
84,"断绝",19,4,8,8,787,1,15
84,"断绝",19,5,20,5,865,2,4;10
84,"断绝",19,6,14,6,999,2,10;10
84,"断绝",19,7,19,6,532,1,39
84,"断绝",19,8,22,2,954,1,51
84,"断绝",19,9,30,5,781,2,36;15
84,"断绝",19,10,36,1,508,2,7;45
84,"断绝",19,11,6,3,938,2,30;27
84,"断绝",20,1,15,6,589,1,30
84,"断绝",20,2,20,6,724,2,45;30
84,"断绝",20,3,29,7,871,2,42;51
84,"断绝",20,4,8,4,795,1,15
84,"断绝",20,5,40,1,601,2,39;27
84,"断绝",20,6,19,6,976,1,24
84,"断绝",20,7,5,6,663,2,39;36
84,"断绝",20,8,9,1,800,2,7;24
84,"断绝",20,9,13,9,845,0,
84,"断绝",20,10,21,1,869,1,27
84,"断绝",20,11,7,7,985,1,35
85,"追忆：神明的手掌心",1,1,9,2,804,0,
85,"追忆：神明的手掌心",1,2,2,10,942,0,
85,"追忆：神明的手掌心",1,3,1,3,999,1,18
85,"追忆：神明的手掌心",1,4,8,8,882,1,31
85,"追忆：神明的手掌心",1,5,6,9,900,1,37
85,"追忆：神明的手掌心",1,6,4,8,647,1,31
85,"追忆：神明的手掌心",1,7,10,10,702,1,63
85,"追忆：神明的手掌心",2,1,7,8,883,1,21
85,"追忆：神明的手掌心",2,2,14,9,722,1,63
85,"追忆：神明的手掌心",2,3,15,8,974,1,21
85,"追忆：神明的手掌心",2,4,3,4,955,0,
85,"追忆：神明的手掌心",2,5,13,3,392,0,
85,"追忆：神明的手掌心",2,6,5,10,977,1,21
85,"追忆：神明的手掌心",2,7,11,7,841,0,
85,"追忆：神明的手掌心",3,1,12,6,957,1,18
85,"追忆：神明的手掌心",3,2,1,7,870,1,20
85,"追忆：神明的手掌心",3,3,10,2,523,1,31
85,"追忆：神明的手掌心",3,4,6,10,387,0,
85,"追忆：神明的手掌心",3,5,8,3,903,1,63
85,"追忆：神明的手掌心",3,6,11,3,588,1,18
85,"追忆：神明的手掌心",3,7,15,6,780,0,
85,"追忆：神明的手掌心",4,1,13,8,809,1,63
85,"追忆：神明的手掌心",4,2,2,7,999,1,38
85,"追忆：神明的手掌心",4,3,5,1,821,1,19
85,"追忆：神明的手掌心",4,4,4,10,933,0,
85,"追忆：神明的手掌心",4,5,7,9,946,0,
85,"追忆：神明的手掌心",4,6,3,3,897,0,
85,"追忆：神明的手掌心",4,7,12,9,809,0,
85,"追忆：神明的手掌心",5,1,14,9,907,1,18
85,"追忆：神明的手掌心",5,2,9,3,436,1,31
85,"追忆：神明的手掌心",5,3,6,5,787,0,
85,"追忆：神明的手掌心",5,4,14,6,901,0,
85,"追忆：神明的手掌心",5,5,15,9,904,0,
85,"追忆：神明的手掌心",5,6,5,4,686,1,18
85,"追忆：神明的手掌心",5,7,1,7,416,0,
85,"追忆：神明的手掌心",6,1,4,4,682,1,21
85,"追忆：神明的手掌心",6,2,10,1,894,1,63
85,"追忆：神明的手掌心",6,3,13,5,901,1,11
85,"追忆：神明的手掌心",6,4,2,7,562,1,20
85,"追忆：神明的手掌心",6,5,8,9,997,0,
85,"追忆：神明的手掌心",6,6,12,9,999,0,
85,"追忆：神明的手掌心",6,7,7,1,960,1,63
85,"追忆：神明的手掌心",7,1,11,5,841,1,32
85,"追忆：神明的手掌心",7,2,9,1,951,1,19
85,"追忆：神明的手掌心",7,3,3,10,447,1,21
85,"追忆：神明的手掌心",7,4,2,10,977,1,63
85,"追忆：神明的手掌心",7,5,13,7,707,1,63
85,"追忆：神明的手掌心",7,6,6,5,676,1,19
85,"追忆：神明的手掌心",7,7,15,3,810,1,63
85,"追忆：神明的手掌心",8,1,14,7,908,0,
85,"追忆：神明的手掌心",8,2,7,4,999,1,63
85,"追忆：神明的手掌心",8,3,5,10,795,0,
85,"追忆：神明的手掌心",8,4,9,8,795,1,18
85,"追忆：神明的手掌心",8,5,11,9,713,1,18
85,"追忆：神明的手掌心",8,6,10,1,950,0,
85,"追忆：神明的手掌心",8,7,1,1,897,1,12
85,"追忆：神明的手掌心",9,1,8,4,850,0,
85,"追忆：神明的手掌心",9,2,3,5,882,0,
85,"追忆：神明的手掌心",9,3,4,6,758,0,
85,"追忆：神明的手掌心",9,4,12,2,799,1,21
85,"追忆：神明的手掌心",9,5,3,4,999,1,63
85,"追忆：神明的手掌心",9,6,8,1,837,0,
85,"追忆：神明的手掌心",9,7,5,8,710,1,16
85,"追忆：神明的手掌心",10,1,6,2,999,1,12
85,"追忆：神明的手掌心",10,2,1,9,872,1,19
85,"追忆：神明的手掌心",10,3,2,2,977,1,37
85,"追忆：神明的手掌心",10,4,14,5,951,1,63
85,"追忆：神明的手掌心",10,5,15,8,690,0,
85,"追忆：神明的手掌心",10,6,11,2,724,0,
85,"追忆：神明的手掌心",10,7,7,2,630,1,31
85,"追忆：神明的手掌心",11,1,9,4,620,1,16
85,"追忆：神明的手掌心",11,2,4,4,952,0,
85,"追忆：神明的手掌心",11,3,12,1,873,0,
85,"追忆：神明的手掌心",11,4,13,9,944,1,20
85,"追忆：神明的手掌心",11,5,10,10,902,1,16
85,"追忆：神明的手掌心",11,6,1,10,777,0,
85,"追忆：神明的手掌心",11,7,13,6,703,1,21
85,"追忆：神明的手掌心",12,1,12,4,724,1,19
85,"追忆：神明的手掌心",12,2,3,6,551,0,
85,"追忆：神明的手掌心",12,3,5,8,923,0,
85,"追忆：神明的手掌心",12,4,7,7,938,0,
85,"追忆：神明的手掌心",12,5,14,5,975,0,
85,"追忆：神明的手掌心",12,6,4,2,716,1,16
85,"追忆：神明的手掌心",12,7,11,6,999,1,16
85,"追忆：神明的手掌心",13,1,8,9,856,0,
85,"追忆：神明的手掌心",13,2,2,8,657,0,
85,"追忆：神明的手掌心",13,3,15,9,682,0,
85,"追忆：神明的手掌心",13,4,6,3,976,0,
85,"追忆：神明的手掌心",13,5,10,6,851,1,18
85,"追忆：神明的手掌心",13,6,9,5,857,1,20
85,"追忆：神明的手掌心",13,7,6,2,514,1,31
85,"追忆：神明的手掌心",14,1,9,9,952,0,
85,"追忆：神明的手掌心",14,2,14,7,710,0,
85,"追忆：神明的手掌心",14,3,1,10,709,0,
85,"追忆：神明的手掌心",14,4,3,5,514,1,16
85,"追忆：神明的手掌心",14,5,5,9,831,1,63
85,"追忆：神明的手掌心",14,6,7,8,601,1,63
85,"追忆：神明的手掌心",14,7,12,2,705,0,
85,"追忆：神明的手掌心",15,1,8,5,936,1,63
85,"追忆：神明的手掌心",15,2,15,4,891,1,18
85,"追忆：神明的手掌心",15,3,13,6,913,1,63
85,"追忆：神明的手掌心",15,4,10,6,556,0,
85,"追忆：神明的手掌心",15,5,4,7,711,0,
85,"追忆：神明的手掌心",15,6,11,7,876,0,
85,"追忆：神明的手掌心",15,7,2,4,874,1,38
85,"追忆：神明的手掌心",16,1,5,4,989,0,
85,"追忆：神明的手掌心",16,2,12,3,767,1,37
85,"追忆：神明的手掌心",16,3,8,2,961,0,
85,"追忆：神明的手掌心",16,4,4,8,855,0,
85,"追忆：神明的手掌心",16,5,3,1,785,0,
85,"追忆：神明的手掌心",16,6,9,10,663,0,
85,"追忆：神明的手掌心",16,7,2,1,961,0,
85,"追忆：神明的手掌心",17,1,15,1,453,1,63
85,"追忆：神明的手掌心",17,2,10,5,724,0,
85,"追忆：神明的手掌心",17,3,11,4,792,1,21
85,"追忆：神明的手掌心",17,4,6,2,832,1,63
85,"追忆：神明的手掌心",17,5,13,10,591,0,
85,"追忆：神明的手掌心",17,6,7,5,936,1,11
85,"追忆：神明的手掌心",17,7,1,3,999,1,19
85,"追忆：神明的手掌心",18,1,14,10,987,0,
85,"追忆：神明的手掌心",18,2,10,10,731,1,19
85,"追忆：神明的手掌心",18,3,14,9,835,0,
85,"追忆：神明的手掌心",18,4,7,6,558,0,
85,"追忆：神明的手掌心",18,5,1,8,703,1,31
85,"追忆：神明的手掌心",18,6,6,5,931,0,
85,"追忆：神明的手掌心",18,7,5,1,712,0,
85,"追忆：神明的手掌心",19,1,12,2,916,0,
85,"追忆：神明的手掌心",19,2,9,1,652,0,
85,"追忆：神明的手掌心",19,3,3,8,742,0,
85,"追忆：神明的手掌心",19,4,4,7,777,0,
85,"追忆：神明的手掌心",19,5,2,6,767,1,18
85,"追忆：神明的手掌心",19,6,13,7,899,1,18
85,"追忆：神明的手掌心",19,7,8,2,749,1,19
85,"追忆：神明的手掌心",20,1,15,5,878,1,63
85,"追忆：神明的手掌心",20,2,11,3,918,0,
85,"追忆：神明的手掌心",20,3,1,8,615,0,
85,"追忆：神明的手掌心",20,4,13,9,982,1,63
85,"追忆：神明的手掌心",20,5,7,4,961,0,
85,"追忆：神明的手掌心",20,6,14,9,940,0,
85,"追忆：神明的手掌心",20,7,9,2,813,0,
105,"无常的风暴",1,1,5,1,671,2,20;12
105,"无常的风暴",1,2,6,2,398,1,63
105,"无常的风暴",1,3,4,7,852,2,11;37
105,"无常的风暴",1,4,8,10,590,0,
105,"无常的风暴",1,5,9,2,959,1,16
105,"无常的风暴",1,6,10,1,785,2,19;16
105,"无常的风暴",1,7,11,4,549,1,37
105,"无常的风暴",1,8,12,1,926,1,21
105,"无常的风暴",1,9,3,1,979,1,38
105,"无常的风暴",1,10,1,8,999,2,18;21
105,"无常的风暴",1,11,2,7,581,1,31
105,"无常的风暴",2,1,13,4,371,2,18;38
105,"无常的风暴",2,2,7,8,999,1,21
105,"无常的风暴",2,3,14,8,981,1,38
105,"无常的风暴",2,4,15,8,912,1,11
105,"无常的风暴",2,5,12,1,866,1,19
105,"无常的风暴",2,6,10,10,432,1,12
105,"无常的风暴",2,7,13,3,996,0,
105,"无常的风暴",2,8,3,8,653,1,31
105,"无常的风暴",2,9,8,1,849,2,20;38
105,"无常的风暴",2,10,2,2,364,1,11
105,"无常的风暴",2,11,7,3,989,1,31
105,"无常的风暴",3,1,6,3,993,1,31
105,"无常的风暴",3,2,9,6,874,2,11;31
105,"无常的风暴",3,3,11,5,930,1,16
105,"无常的风暴",3,4,4,1,749,1,18
105,"无常的风暴",3,5,15,9,526,1,16
105,"无常的风暴",3,6,5,10,864,1,37
105,"无常的风暴",3,7,14,10,785,1,37
105,"无常的风暴",3,8,1,8,909,2,16;21
105,"无常的风暴",3,9,10,5,988,2,11;38
105,"无常的风暴",3,10,3,4,872,1,20
105,"无常的风暴",3,11,7,1,594,1,31
105,"无常的风暴",4,1,12,10,929,0,
105,"无常的风暴",4,2,9,6,616,1,31
105,"无常的风暴",4,3,1,8,910,2,11;16
105,"无常的风暴",4,4,15,1,800,2,12;38
105,"无常的风暴",4,5,13,9,647,1,63
105,"无常的风暴",4,6,4,10,970,2,18;16
105,"无常的风暴",4,7,2,3,998,3,20;31;16
105,"无常的风暴",4,8,6,8,999,0,
105,"无常的风暴",4,9,11,9,856,1,20
105,"无常的风暴",4,10,14,7,842,0,
105,"无常的风暴",4,11,8,6,420,1,19
105,"无常的风暴",5,1,5,9,972,0,
105,"无常的风暴",5,2,8,8,892,2,12;38
105,"无常的风暴",5,3,5,7,939,2,21;11
105,"无常的风暴",5,4,6,3,690,3,31;37;20
105,"无常的风暴",5,5,10,7,984,0,
105,"无常的风暴",5,6,2,6,842,1,21
105,"无常的风暴",5,7,1,2,716,2,21;38
105,"无常的风暴",5,8,13,7,999,2,37;20
105,"无常的风暴",5,9,15,6,941,2,63;18
105,"无常的风暴",5,10,12,8,999,1,37
105,"无常的风暴",5,11,3,1,910,1,31
105,"无常的风暴",6,1,14,4,913,1,16
105,"无常的风暴",6,2,9,6,851,0,
105,"无常的风暴",6,3,4,3,759,1,16
105,"无常的风暴",6,4,7,8,985,2,16;37
105,"无常的风暴",6,5,11,3,943,1,12
105,"无常的风暴",6,6,11,5,834,1,16
105,"无常的风暴",6,7,14,9,658,0,
105,"无常的风暴",6,8,5,7,916,1,21
105,"无常的风暴",6,9,13,1,971,1,38
105,"无常的风暴",6,10,8,1,809,1,12
105,"无常的风暴",6,11,15,6,946,1,31
105,"无常的风暴",7,1,9,4,977,2,32;38
105,"无常的风暴",7,2,2,8,867,2,18;37
105,"无常的风暴",7,3,3,3,874,1,32
105,"无常的风暴",7,4,12,5,963,1,12
105,"无常的风暴",7,5,7,1,959,3,16;38;18
105,"无常的风暴",7,6,1,6,495,2,21;31
105,"无常的风暴",7,7,4,8,839,2,38;37
105,"无常的风暴",7,8,10,1,717,2,18;31
105,"无常的风暴",7,9,6,3,626,2,38;12
105,"无常的风暴",7,10,11,5,900,2,18;11
105,"无常的风暴",7,11,4,2,808,2,12;21
105,"无常的风暴",8,1,15,8,809,2,37;38
105,"无常的风暴",8,2,2,9,765,0,
105,"无常的风暴",8,3,5,5,432,0,
105,"无常的风暴",8,4,3,5,697,2,38;31
105,"无常的风暴",8,5,6,2,860,1,16
105,"无常的风暴",8,6,9,6,846,2,19;31
105,"无常的风暴",8,7,8,2,579,2,11;37
105,"无常的风暴",8,8,14,5,740,1,11
105,"无常的风暴",8,9,12,7,978,1,38
105,"无常的风暴",8,10,13,1,610,1,63
105,"无常的风暴",8,11,1,8,958,2,20;18
105,"无常的风暴",9,1,7,4,947,1,31
105,"无常的风暴",9,2,10,5,756,0,
105,"无常的风暴",9,3,6,10,994,0,
105,"无常的风暴",9,4,12,3,684,1,19
105,"无常的风暴",9,5,3,6,947,1,16
105,"无常的风暴",9,6,15,1,989,1,31
105,"无常的风暴",9,7,14,10,475,1,32
105,"无常的风暴",9,8,7,3,930,1,38
105,"无常的风暴",9,9,13,5,518,1,20
105,"无常的风暴",9,10,10,4,927,1,19
105,"无常的风暴",9,11,9,4,656,0,
105,"无常的风暴",10,1,2,10,843,3,38;21;63
105,"无常的风暴",10,2,4,10,999,2,12;38
105,"无常的风暴",10,3,5,6,839,2,31;63
105,"无常的风暴",10,4,1,8,636,2,37;11
105,"无常的风暴",10,5,8,8,473,0,
105,"无常的风暴",10,6,11,7,711,2,32;12
105,"无常的风暴",10,7,10,5,977,0,
105,"无常的风暴",10,8,8,1,963,1,19
105,"无常的风暴",10,9,15,5,721,3,31;16;37
105,"无常的风暴",10,10,2,1,570,2,19;20
105,"无常的风暴",10,11,5,5,984,3,12;37;19
105,"无常的风暴",11,1,4,2,700,1,12
105,"无常的风暴",11,2,3,4,546,1,12
105,"无常的风暴",11,3,9,4,990,2,21;38
105,"无常的风暴",11,4,7,3,585,2,11;19
105,"无常的风暴",11,5,12,6,924,2,38;32
105,"无常的风暴",11,6,6,8,331,2,31;12
105,"无常的风暴",11,7,11,8,633,3,38;37;11
105,"无常的风暴",11,8,14,5,850,1,18
105,"无常的风暴",11,9,13,10,991,0,
105,"无常的风暴",11,10,1,5,998,1,32
105,"无常的风暴",11,11,15,3,698,3,37;20;12
105,"无常的风暴",12,1,1,8,971,1,16
105,"无常的风暴",12,2,6,7,937,1,11
105,"无常的风暴",12,3,5,7,999,3,21;31;11
105,"无常的风暴",12,4,2,8,628,2,19;37
105,"无常的风暴",12,5,12,1,606,2,16;20
105,"无常的风暴",12,6,3,3,677,2,18;32
105,"无常的风暴",12,7,9,5,800,2,19;32
105,"无常的风暴",12,8,7,10,555,2,31;32
105,"无常的风暴",12,9,10,3,381,2,16;31
105,"无常的风暴",12,10,8,2,688,0,
105,"无常的风暴",12,11,4,9,999,0,
105,"无常的风暴",13,1,14,8,625,2,37;16
105,"无常的风暴",13,2,11,5,907,1,12
105,"无常的风暴",13,3,13,9,690,1,12
105,"无常的风暴",13,4,9,8,449,2,31;18
105,"无常的风暴",13,5,4,8,666,1,31
105,"无常的风暴",13,6,6,2,943,1,19
105,"无常的风暴",13,7,14,4,899,1,37
105,"无常的风暴",13,8,8,7,940,1,32
105,"无常的风暴",13,9,15,2,545,2,11;38
105,"无常的风暴",13,10,5,3,897,2,31;32
105,"无常的风暴",13,11,3,2,723,2,11;21
105,"无常的风暴",14,1,12,2,692,2,31;37
105,"无常的风暴",14,2,13,7,823,2,11;32
105,"无常的风暴",14,3,10,1,822,2,32;31
105,"无常的风暴",14,4,1,1,525,0,
105,"无常的风暴",14,5,7,6,675,2,32;63
105,"无常的风暴",14,6,2,3,657,0,
105,"无常的风暴",14,7,11,2,696,0,
105,"无常的风暴",14,8,12,3,725,0,
105,"无常的风暴",14,9,13,5,830,2,32;21
105,"无常的风暴",14,10,4,9,864,0,
105,"无常的风暴",14,11,9,4,661,2,12;20
105,"无常的风暴",15,1,5,3,913,3,16;21;19
105,"无常的风暴",15,2,3,7,806,3,11;12;38
105,"无常的风暴",15,3,11,1,995,2,18;12
105,"无常的风暴",15,4,14,10,758,2,11;32
105,"无常的风暴",15,5,7,1,992,1,32
105,"无常的风暴",15,6,1,5,978,1,20
105,"无常的风暴",15,7,10,7,845,1,11
105,"无常的风暴",15,8,15,7,959,2,31;20
105,"无常的风暴",15,9,8,3,999,1,18
105,"无常的风暴",15,10,6,4,751,1,18
105,"无常的风暴",15,11,2,3,861,2,19;32
105,"无常的风暴",16,1,15,5,993,1,18
105,"无常的风暴",16,2,10,1,745,0,
105,"无常的风暴",16,3,9,10,993,0,
105,"无常的风暴",16,4,4,7,967,0,
105,"无常的风暴",16,5,8,1,527,1,31
105,"无常的风暴",16,6,6,6,899,0,
105,"无常的风暴",16,7,12,6,807,2,38;11
105,"无常的风暴",16,8,13,2,999,2,32;20
105,"无常的风暴",16,9,3,1,634,3,32;37;11
105,"无常的风暴",16,10,14,2,474,2,32;20
105,"无常的风暴",16,11,2,7,486,1,12
105,"无常的风暴",17,1,7,4,617,0,
105,"无常的风暴",17,2,11,1,861,1,19
105,"无常的风暴",17,3,5,9,792,2,21;19
105,"无常的风暴",17,4,1,1,901,1,19
105,"无常的风暴",17,5,15,4,946,0,
105,"无常的风暴",17,6,8,5,865,0,
105,"无常的风暴",17,7,6,8,776,3,19;12;21
105,"无常的风暴",17,8,14,8,934,1,38
105,"无常的风暴",17,9,4,7,679,1,32
105,"无常的风暴",17,10,12,10,576,0,
105,"无常的风暴",17,11,7,7,563,1,20
105,"无常的风暴",18,1,11,10,810,2,38;37
105,"无常的风暴",18,2,13,4,814,1,12
105,"无常的风暴",18,3,10,5,884,1,38
105,"无常的风暴",18,4,3,1,793,1,31
105,"无常的风暴",18,5,5,1,845,2,38;12
105,"无常的风暴",18,6,2,5,865,1,16
105,"无常的风暴",18,7,1,2,848,2,12;19
105,"无常的风暴",18,8,9,4,752,1,31
105,"无常的风暴",18,9,8,3,999,1,31
105,"无常的风暴",18,10,12,7,780,1,37
105,"无常的风暴",18,11,10,5,604,2,20;11
105,"无常的风暴",19,1,15,9,611,2,38;11
105,"无常的风暴",19,2,9,6,869,1,16
105,"无常的风暴",19,3,14,3,728,2,32;16
105,"无常的风暴",19,4,5,7,902,3,16;63;18
105,"无常的风暴",19,5,13,8,895,1,38
105,"无常的风暴",19,6,7,1,606,0,
105,"无常的风暴",19,7,11,5,833,1,12
105,"无常的风暴",19,8,6,3,881,2,38;32
105,"无常的风暴",19,9,3,9,748,3,16;32;63
105,"无常的风暴",19,10,1,2,798,1,38
105,"无常的风暴",19,11,2,5,996,2,32;16
105,"无常的风暴",20,1,4,8,776,3,12;20;31
105,"无常的风暴",20,2,13,1,622,1,31
105,"无常的风暴",20,3,4,4,989,0,
105,"无常的风暴",20,4,10,6,899,1,11
105,"无常的风暴",20,5,3,10,999,2,31;16
105,"无常的风暴",20,6,14,5,890,3,37;20;32
105,"无常的风暴",20,7,12,4,768,2,21;11
105,"无常的风暴",20,8,6,7,848,1,18
105,"无常的风暴",20,9,5,8,997,1,12
105,"无常的风暴",20,10,9,7,997,2,63;38
105,"无常的风暴",20,11,7,7,621,1,20
